Sample_size,Beta,BCE_Train,BCE_Test,0-1_Train,0-1_Test,EMA_BCE_Train,EMA_BCE_Test,EMA_0-1_Train,EMA_0-1_Test
1000,0.0,0.6110000014305115,0.6200000047683716,0.6110000014305115,0.6200000047683716,0.5039118725210429,0.5042891958206892,0.5039359999895096,0.5043099995702505
1000,128,0.1280488520860672,0.17000000178813934,0.12800000607967377,0.17000000178813934,0.12950121870807307,0.16082687340316854,0.12971473459736257,0.16103502463447394
1000,1000,0.046617623418569565,0.1150016337633133,0.04699999839067459,0.11500000208616257,0.03598911725025162,0.059740885702492766,0.03638342918002334,0.060076132099040475

Summary:,"The LMC has been run with the following parameters:
  - Device: cpu
  - Loss function: SAVAGE
  - l_max: 4.0
  - Network architecture: FCN1L
  - Number of hidden layers: 1
  - Width of hidden layers: 500
  - Dataset type: cifar100
  - Dataset name: CIFAR-100
  - Selected classes/groups: [62, 68]
  - Random labels: 0
  - Training set size: 1000
  - Test set size: 200
  - Minimum epochs: 2000
  - Number of Batches: 1
  - Beta values: [0.0, 128, 1000]
  - Learning rate (a0): 0.01
  - Learning rate decay (b): 0.5
  - Gaussian prior sigma: 5.0
 -  alpha_average: 0.01
 -  alpha_stop: 0.00025
 -  eta: 36
 -  eps: -1e-07
 -  Seed: 42
 -  Gradient norm: [0.1781178952615791, 0.5356546232905749, 0.1552477620245728]
 -  Number of epochs per beta: [1000, 12420, 20228]
 -  Variance of EMA Train BCE losses: [0.01593242618619567, 0.00045161449065059603, 1.4675177798850964e-05]
 -  Variance of EMA Test BCE losses: [0.013898259937021762, 0.0006923493760386361, 0.0002513608249127596]
"
