Sample_size,Beta,BCE_Train,BCE_Test,0-1_Train,0-1_Test,EMA_BCE_Train,EMA_BCE_Test,EMA_0-1_Train,EMA_0-1_Test
1000,0.0,0.4519999921321869,0.46000000834465027,0.4519999921321869,0.46000000834465027,0.4986244532465935,0.49899477875232695,0.4986490000784397,0.4990149998962879
1000,128,0.3420020043849945,0.3050000071525574,0.34200000762939453,0.3050000071525574,0.322617482186438,0.3292349184883263,0.3227833554705542,0.3294147895164778
1000,1000,0.1904863566160202,0.26480919122695923,0.19200000166893005,0.26499998569488525,0.19236077767567702,0.27139361569056875,0.1943483225572795,0.27364736260078587

Summary:,"The LMC has been run with the following parameters:
  - Device: cpu
  - Loss function: SAVAGE
  - l_max: 4.0
  - Network architecture: FCN1L
  - Number of hidden layers: 1
  - Width of hidden layers: 500
  - Dataset type: cifar100
  - Dataset name: CIFAR-100
  - Selected classes/groups: [16, 46]
  - Random labels: 0
  - Training set size: 1000
  - Test set size: 200
  - Minimum epochs: 2000
  - Number of Batches: 1
  - Beta values: [0.0, 128, 1000]
  - Learning rate (a0): 0.01
  - Learning rate decay (b): 0.5
  - Gaussian prior sigma: 5.0
 -  alpha_average: 0.01
 -  alpha_stop: 0.00025
 -  eta: 36
 -  eps: -1e-07
 -  Seed: 42
 -  Gradient norm: [0.18054826534629856, 0.6309924198103747, 0.3312179030189975]
 -  Number of epochs per beta: [1000, 18865, 12520]
 -  Variance of EMA Train BCE losses: [0.004608903338825854, 0.00013777058210819038, 3.412578296024121e-05]
 -  Variance of EMA Test BCE losses: [0.006553361729779855, 0.00035271228154933054, 0.0002082564106631185]
"
