Sample_size,Beta,BCE_Train,BCE_Test,0-1_Train,0-1_Test,EMA_BCE_Train,EMA_BCE_Test,EMA_0-1_Train,EMA_0-1_Test
1000,0.0,0.5709999799728394,0.6050000190734863,0.5709999799728394,0.6050000190734863,0.4985148960649967,0.4999517784118652,0.4985310004353523,0.4999799990653992
1000,128,0.3713988661766052,0.3899989426136017,0.3720000088214874,0.38999998569488525,0.3443813122784051,0.35105856719997347,0.3447980769922283,0.35151502889851616

Summary:,"The LMC has been run with the following parameters:
  - Device: cpu
  - Loss function: SAVAGE
  - l_max: 4.0
  - Network architecture: FCN1L
  - Number of hidden layers: 1
  - Width of hidden layers: 500
  - Dataset type: cifar100
  - Dataset name: CIFAR-100
  - Selected classes/groups: [7, 50]
  - Random labels: 0
  - Training set size: 1000
  - Test set size: 200
  - Minimum epochs: 2000
  - Number of Batches: 1
  - Beta values: [0.0, 128]
  - Learning rate (a0): 0.01
  - Learning rate decay (b): 0.5
  - Gaussian prior sigma: 5.0
 -  alpha_average: 0.01
 -  alpha_stop: 0.00025
 -  eta: 36
 -  eps: -1e-07
 -  Seed: 42
 -  Gradient norm: [0.10399956435264335, 0.5748576328013942]
 -  Number of epochs per beta: [1000, 12277]
 -  Variance of EMA Train BCE losses: [0.002645722470359352, 0.00010086603759849877]
 -  Variance of EMA Test BCE losses: [0.004478739790707759, 0.0005332769218988204]
"
