Sample_size,Beta,BCE_Train,BCE_Test,0-1_Train,0-1_Test,EMA_BCE_Train,EMA_BCE_Test,EMA_0-1_Train,EMA_0-1_Test
1000,0.0,0.4921968877315521,0.48500001430511475,0.492000013589859,0.48500001430511475,0.5006738049089908,0.49854949805140497,0.5006950002014637,0.49856499952077865
1000,128,0.407479852437973,0.4300000071525574,0.40799999237060547,0.4300000071525574,0.39091273129162907,0.39545014624879204,0.3911814761612675,0.39564906513094766
1000,1000,0.23099693655967712,0.33537307381629944,0.23100000619888306,0.3400000035762787,0.22477692738175392,0.3300096077891822,0.22751943669805003,0.33374885260547965

Summary:,"The LMC has been run with the following parameters:
  - Device: cpu
  - Loss function: SAVAGE
  - l_max: 4.0
  - Network architecture: FCN1L
  - Number of hidden layers: 1
  - Width of hidden layers: 500
  - Dataset type: cifar100
  - Dataset name: CIFAR-100
  - Selected classes/groups: [50, 65]
  - Random labels: 0
  - Training set size: 1000
  - Test set size: 200
  - Minimum epochs: 2000
  - Number of Batches: 1
  - Beta values: [0.0, 128, 1000]
  - Learning rate (a0): 0.01
  - Learning rate decay (b): 0.5
  - Gaussian prior sigma: 5.0
 -  alpha_average: 0.01
 -  alpha_stop: 0.00025
 -  eta: 36
 -  eps: -1e-07
 -  Seed: 42
 -  Gradient norm: [0.11091429063581836, 0.6174128507445384, 0.3533664013247425]
 -  Number of epochs per beta: [1000, 17556, 13068]
 -  Variance of EMA Train BCE losses: [0.001169660088970792, 6.421236815556952e-05, 4.120015414157269e-05]
 -  Variance of EMA Test BCE losses: [0.002497214494672939, 0.00039753058786418105, 0.0005926304666315357]
"
