Sample_size,Beta,BCE_Train,BCE_Test,0-1_Train,0-1_Test,EMA_BCE_Train,EMA_BCE_Test,EMA_0-1_Train,EMA_0-1_Test
1000,0.0,0.42800000309944153,0.38499999046325684,0.42800000309944153,0.38499999046325684,0.4977481970787048,0.4978256190866232,0.49777099972963335,0.49783500020205973
1000,128,0.2459905445575714,0.3049999177455902,0.2460000067949295,0.3050000071525574,0.2505652892850422,0.296340825591184,0.2507689455717555,0.296555545314093

Summary:,"The LMC has been run with the following parameters:
  - Device: cpu
  - Loss function: SAVAGE
  - l_max: 4.0
  - Network architecture: FCN1L
  - Number of hidden layers: 1
  - Width of hidden layers: 500
  - Dataset type: cifar100
  - Dataset name: CIFAR-100
  - Selected classes/groups: [41, 42]
  - Random labels: 0
  - Training set size: 1000
  - Test set size: 200
  - Minimum epochs: 2000
  - Number of Batches: 1
  - Beta values: [0.0, 128]
  - Learning rate (a0): 0.01
  - Learning rate decay (b): 0.5
  - Gaussian prior sigma: 5.0
 -  alpha_average: 0.01
 -  alpha_stop: 0.00025
 -  eta: 36
 -  eps: -1e-07
 -  Seed: 42
 -  Gradient norm: [0.16700888678234657, 0.512176355023877]
 -  Number of epochs per beta: [1000, 12179]
 -  Variance of EMA Train BCE losses: [0.011326616513284787, 0.00011767725398645346]
 -  Variance of EMA Test BCE losses: [0.010177230786739988, 0.0006176827262301676]
"
