Sample_size,Beta,BCE_Train,BCE_Test,0-1_Train,0-1_Test,EMA_BCE_Train,EMA_BCE_Test,EMA_0-1_Train,EMA_0-1_Test
1000,0.0,0.515999972820282,0.6050000190734863,0.515999972820282,0.6050000190734863,0.499361347168684,0.500512887686491,0.4993729998469353,0.5005299979746342
1000,128,0.39884844422340393,0.4749999940395355,0.39899998903274536,0.4749999940395355,0.39901580435452977,0.4754563237914326,0.39939265947264374,0.4759787987481407
1000,1000,0.19029931724071503,0.2836027443408966,0.19099999964237213,0.2849999964237213,0.19190823905504167,0.2899656284823905,0.19366619944652366,0.2922080680055917

Summary:,"The LMC has been run with the following parameters:
  - Device: cpu
  - Loss function: SAVAGE
  - l_max: 4.0
  - Network architecture: FCN1L
  - Number of hidden layers: 1
  - Width of hidden layers: 500
  - Dataset type: cifar100
  - Dataset name: CIFAR-100
  - Selected classes/groups: [13, 89]
  - Random labels: 0
  - Training set size: 1000
  - Test set size: 200
  - Minimum epochs: 2000
  - Number of Batches: 1
  - Beta values: [0.0, 128, 1000]
  - Learning rate (a0): 0.01
  - Learning rate decay (b): 0.5
  - Gaussian prior sigma: 5.0
 -  alpha_average: 0.01
 -  alpha_stop: 0.00025
 -  eta: 36
 -  eps: -1e-07
 -  Seed: 42
 -  Gradient norm: [0.10743495473616453, 0.6014075744740007, 0.34926060422517535]
 -  Number of epochs per beta: [1000, 13159, 16408]
 -  Variance of EMA Train BCE losses: [0.0010950468498047705, 0.0003738880933787381, 4.648544156368728e-05]
 -  Variance of EMA Test BCE losses: [0.001529559179738682, 0.00039821414120927434, 0.0003604968757783128]
"
