Sample_size,Beta,BCE_Train,BCE_Test,0-1_Train,0-1_Test,EMA_BCE_Train,EMA_BCE_Test,EMA_0-1_Train,EMA_0-1_Test
1000,0.0,0.47600001096725464,0.47999998927116394,0.47600001096725464,0.47999998927116394,0.4974498080611229,0.4982872110754252,0.4974740000963211,0.4983049992769957
1000,128,0.1949978768825531,0.25066882371902466,0.19499999284744263,0.25,0.20366978032493063,0.260486170234878,0.20388972579715856,0.26072088019299156

Summary:,"The LMC has been run with the following parameters:
  - Device: cpu
  - Loss function: SAVAGE
  - l_max: 4.0
  - Network architecture: FCN1L
  - Number of hidden layers: 1
  - Width of hidden layers: 500
  - Dataset type: cifar100
  - Dataset name: CIFAR-100
  - Selected classes/groups: [12, 91]
  - Random labels: 0
  - Training set size: 1000
  - Test set size: 200
  - Minimum epochs: 2000
  - Number of Batches: 1
  - Beta values: [0.0, 128]
  - Learning rate (a0): 0.01
  - Learning rate decay (b): 0.5
  - Gaussian prior sigma: 5.0
 -  alpha_average: 0.01
 -  alpha_stop: 0.00025
 -  eta: 36
 -  eps: -1e-07
 -  Seed: 42
 -  Gradient norm: [0.14606690631932684, 0.6104380391197278]
 -  Number of epochs per beta: [1000, 16459]
 -  Variance of EMA Train BCE losses: [0.006018604966100571, 0.0001316720364544846]
 -  Variance of EMA Test BCE losses: [0.0063585477288573555, 0.0003006690229061665]
"
