Sample_size,Beta,BCE_Train,BCE_Test,0-1_Train,0-1_Test,EMA_BCE_Train,EMA_BCE_Test,EMA_0-1_Train,EMA_0-1_Test
1000,0.0,0.42899999022483826,0.4699999988079071,0.42899999022483826,0.4699999988079071,0.49906874895095826,0.4989326878488064,0.499092999458313,0.49893999987840654
1000,128,0.2600504159927368,0.28999999165534973,0.25999999046325684,0.28999999165534973,0.24457424729362168,0.27700070621295014,0.2447403124379427,0.27716344537918625

Summary:,"The LMC has been run with the following parameters:
  - Device: cpu
  - Loss function: SAVAGE
  - l_max: 4.0
  - Network architecture: FCN1L
  - Number of hidden layers: 1
  - Width of hidden layers: 500
  - Dataset type: cifar100
  - Dataset name: CIFAR-100
  - Selected classes/groups: [2, 92]
  - Random labels: 0
  - Training set size: 1000
  - Test set size: 200
  - Minimum epochs: 2000
  - Number of Batches: 1
  - Beta values: [0.0, 128]
  - Learning rate (a0): 0.01
  - Learning rate decay (b): 0.5
  - Gaussian prior sigma: 5.0
 -  alpha_average: 0.01
 -  alpha_stop: 0.00025
 -  eta: 36
 -  eps: -1e-07
 -  Seed: 42
 -  Gradient norm: [0.14856417671236374, 0.6401738759089388]
 -  Number of epochs per beta: [1000, 19150]
 -  Variance of EMA Train BCE losses: [0.004832285096019795, 6.000521830681199e-05]
 -  Variance of EMA Test BCE losses: [0.004640403798668424, 0.0002783252214072912]
"
