Sample_size,Beta,BCE_Train,BCE_Test,0-1_Train,0-1_Test,EMA_BCE_Train,EMA_BCE_Test,EMA_0-1_Train,EMA_0-1_Test
1000,0.0,0.6320000290870667,0.6449999809265137,0.6320000290870667,0.6449999809265137,0.5013925947099924,0.5005332059264183,0.5014190001040697,0.5005599992275238
1000,128,0.2987380921840668,0.3299996554851532,0.29899999499320984,0.33000001311302185,0.27124132696548975,0.26713559336070314,0.2715038149699682,0.2674093438950483
1000,1000,0.12352778762578964,0.16631372272968292,0.12399999797344208,0.17000000178813934,0.11554525702687936,0.1726825070226802,0.11656153723298271,0.17389095539197985

Summary:,"The LMC has been run with the following parameters:
  - Device: cpu
  - Loss function: SAVAGE
  - l_max: 4.0
  - Network architecture: FCN1L
  - Number of hidden layers: 1
  - Width of hidden layers: 500
  - Dataset type: cifar100
  - Dataset name: CIFAR-100
  - Selected classes/groups: [63, 85]
  - Random labels: 0
  - Training set size: 1000
  - Test set size: 200
  - Minimum epochs: 2000
  - Number of Batches: 1
  - Beta values: [0.0, 128, 1000]
  - Learning rate (a0): 0.01
  - Learning rate decay (b): 0.5
  - Gaussian prior sigma: 5.0
 -  alpha_average: 0.01
 -  alpha_stop: 0.00025
 -  eta: 36
 -  eps: -1e-07
 -  Seed: 42
 -  Gradient norm: [0.12980329666818488, 0.5862079742661735, 0.24495601322448077]
 -  Number of epochs per beta: [1000, 14809, 16681]
 -  Variance of EMA Train BCE losses: [0.010200760320132063, 0.00015995889676435893, 2.4973490910552842e-05]
 -  Variance of EMA Test BCE losses: [0.01194417171831913, 0.0008315225657582609, 0.00012938250427219078]
"
