Sample_size,Beta,BCE_Train,BCE_Test,0-1_Train,0-1_Test,EMA_BCE_Train,EMA_BCE_Test,EMA_0-1_Train,EMA_0-1_Test
1000,0.0,0.4650000035762787,0.41499999165534973,0.4650000035762787,0.41499999165534973,0.49856568536162377,0.4984813980460167,0.49858299997448924,0.49849999916553495
1000,128,0.27017372846603394,0.26001647114753723,0.27000001072883606,0.25999999046325684,0.28458634956500933,0.294595652671259,0.28506510971798577,0.2950718733740463
1000,1000,0.12208670377731323,0.1736225187778473,0.12200000137090683,0.17499999701976776,0.12508805935094464,0.18941814450343178,0.12612285871588919,0.1906238101119285

Summary:,"The LMC has been run with the following parameters:
  - Device: cpu
  - Loss function: SAVAGE
  - l_max: 4.0
  - Network architecture: FCN1L
  - Number of hidden layers: 1
  - Width of hidden layers: 500
  - Dataset type: cifar100
  - Dataset name: CIFAR-100
  - Selected classes/groups: [17, 81]
  - Random labels: 0
  - Training set size: 1000
  - Test set size: 200
  - Minimum epochs: 2000
  - Number of Batches: 1
  - Beta values: [0.0, 128, 1000]
  - Learning rate (a0): 0.01
  - Learning rate decay (b): 0.5
  - Gaussian prior sigma: 5.0
 -  alpha_average: 0.01
 -  alpha_stop: 0.00025
 -  eta: 36
 -  eps: -1e-07
 -  Seed: 42
 -  Gradient norm: [0.13080899085969194, 0.5326763540742614, 0.2867082591198112]
 -  Number of epochs per beta: [1000, 9461, 18387]
 -  Variance of EMA Train BCE losses: [0.00445093299889715, 0.00033788626250547127, 2.7572848840164838e-05]
 -  Variance of EMA Test BCE losses: [0.006408984525567624, 0.0006620762542582787, 0.00024216760781113622]
"
