Sample_size,Beta,BCE_Train,BCE_Test,0-1_Train,0-1_Test,EMA_BCE_Train,EMA_BCE_Test,EMA_0-1_Train,EMA_0-1_Test
1000,0.0,0.6359999775886536,0.6449999809265137,0.6359999775886536,0.6449999809265137,0.4995509667098522,0.501459548085928,0.4995680007338524,0.5014899988472462
1000,128,0.26602569222450256,0.29499998688697815,0.26600000262260437,0.29499998688697815,0.2649666342711103,0.2588577464441159,0.26531308773655754,0.2591927559038655

Summary:,"The LMC has been run with the following parameters:
  - Device: cpu
  - Loss function: SAVAGE
  - l_max: 4.0
  - Network architecture: FCN1L
  - Number of hidden layers: 1
  - Width of hidden layers: 500
  - Dataset type: cifar100
  - Dataset name: CIFAR-100
  - Selected classes/groups: [33, 87]
  - Random labels: 0
  - Training set size: 1000
  - Test set size: 200
  - Minimum epochs: 2000
  - Number of Batches: 1
  - Beta values: [0.0, 128]
  - Learning rate (a0): 0.01
  - Learning rate decay (b): 0.5
  - Gaussian prior sigma: 5.0
 -  alpha_average: 0.01
 -  alpha_stop: 0.00025
 -  eta: 36
 -  eps: -1e-07
 -  Seed: 42
 -  Gradient norm: [0.10255447740988204, 0.6156070193606691]
 -  Number of epochs per beta: [1000, 14884]
 -  Variance of EMA Train BCE losses: [0.005845156653711409, 0.00012917849628305]
 -  Variance of EMA Test BCE losses: [0.005726614725445278, 0.000461333885358281]
"
