Sample_size,Beta,BCE_Train,BCE_Test,0-1_Train,0-1_Test,EMA_BCE_Train,EMA_BCE_Test,EMA_0-1_Train,EMA_0-1_Test
1000,0.0,0.4429999887943268,0.4699999988079071,0.4429999887943268,0.4699999988079071,0.4995638008117676,0.5013066613674164,0.49958900099992753,0.5013299978375435
1000,128,0.38062071800231934,0.4000339210033417,0.38100001215934753,0.4000000059604645,0.3909887821620662,0.4427499823884372,0.3913222088413222,0.4430659430553632
1000,1000,0.18034280836582184,0.33197250962257385,0.1809999942779541,0.3400000035762787,0.1882533437172346,0.3524747558115878,0.19090522845000601,0.3571142196873736

Summary:,"The LMC has been run with the following parameters:
  - Device: cpu
  - Loss function: SAVAGE
  - l_max: 4.0
  - Network architecture: FCN1L
  - Number of hidden layers: 1
  - Width of hidden layers: 500
  - Dataset type: cifar100
  - Dataset name: CIFAR-100
  - Selected classes/groups: [15, 78]
  - Random labels: 0
  - Training set size: 1000
  - Test set size: 200
  - Minimum epochs: 2000
  - Number of Batches: 1
  - Beta values: [0.0, 128, 1000]
  - Learning rate (a0): 0.01
  - Learning rate decay (b): 0.5
  - Gaussian prior sigma: 5.0
 -  alpha_average: 0.01
 -  alpha_stop: 0.00025
 -  eta: 36
 -  eps: -1e-07
 -  Seed: 42
 -  Gradient norm: [0.11660747749505448, 0.5923749961217596, 0.35655192498052757]
 -  Number of epochs per beta: [1000, 14922, 13369]
 -  Variance of EMA Train BCE losses: [0.0014550073464446034, 5.562923023702537e-05, 4.256448705090843e-05]
 -  Variance of EMA Test BCE losses: [0.0015795673419144451, 0.0004194021553777516, 0.0003431517655472921]
"
