Sample_size,Beta,BCE_Train,BCE_Test,0-1_Train,0-1_Test,EMA_BCE_Train,EMA_BCE_Test,EMA_0-1_Train,EMA_0-1_Test
1000,0.0,0.44200000166893005,0.4199890196323395,0.44200000166893005,0.41999998688697815,0.49958312794566156,0.4990023502409458,0.4996009997874498,0.499024999499321
1000,128,0.22496910393238068,0.18000000715255737,0.22499999403953552,0.18000000715255737,0.21267814506475555,0.1809699811439246,0.21289726835681233,0.18115776697446315

Summary:,"The LMC has been run with the following parameters:
  - Device: cpu
  - Loss function: SAVAGE
  - l_max: 4.0
  - Network architecture: FCN1L
  - Number of hidden layers: 1
  - Width of hidden layers: 500
  - Dataset type: cifar100
  - Dataset name: CIFAR-100
  - Selected classes/groups: [24, 77]
  - Random labels: 0
  - Training set size: 1000
  - Test set size: 200
  - Minimum epochs: 2000
  - Number of Batches: 1
  - Beta values: [0.0, 128]
  - Learning rate (a0): 0.01
  - Learning rate decay (b): 0.5
  - Gaussian prior sigma: 5.0
 -  alpha_average: 0.01
 -  alpha_stop: 0.00025
 -  eta: 36
 -  eps: -1e-07
 -  Seed: 42
 -  Gradient norm: [0.14120407408251084, 0.5123988217108113]
 -  Number of epochs per beta: [1000, 12265]
 -  Variance of EMA Train BCE losses: [0.0155205114929087, 8.988378977157346e-05]
 -  Variance of EMA Test BCE losses: [0.021714309406542537, 0.0004278539860632716]
"
