Sample_size,Beta,BCE_Train,BCE_Test,0-1_Train,0-1_Test,EMA_BCE_Train,EMA_BCE_Test,EMA_0-1_Train,EMA_0-1_Test
1000,0.0,0.6499999761581421,0.6700000166893005,0.6499999761581421,0.6700000166893005,0.5019004007577896,0.5024539859592915,0.5019170001596213,0.5024549997746944
1000,128,0.2349655032157898,0.2549999952316284,0.23600000143051147,0.2549999952316284,0.1949760208485167,0.21359727108169851,0.1952272219704869,0.2139098450167538
1000,1000,0.05872389301657677,0.11128061264753342,0.05900000035762787,0.11500000208616257,0.0627587462970056,0.12046883497846586,0.06349123760026991,0.12161483092387483

Summary:,"The LMC has been run with the following parameters:
  - Device: cpu
  - Loss function: SAVAGE
  - l_max: 4.0
  - Network architecture: FCN1L
  - Number of hidden layers: 1
  - Width of hidden layers: 500
  - Dataset type: cifar100
  - Dataset name: CIFAR-100
  - Selected classes/groups: [6, 69]
  - Random labels: 0
  - Training set size: 1000
  - Test set size: 200
  - Minimum epochs: 2000
  - Number of Batches: 1
  - Beta values: [0.0, 128, 1000]
  - Learning rate (a0): 0.01
  - Learning rate decay (b): 0.5
  - Gaussian prior sigma: 5.0
 -  alpha_average: 0.01
 -  alpha_stop: 0.00025
 -  eta: 36
 -  eps: -1e-07
 -  Seed: 42
 -  Gradient norm: [0.10785419961972054, 0.5514120651775842, 0.23750409523503913]
 -  Number of epochs per beta: [1000, 12512, 18488]
 -  Variance of EMA Train BCE losses: [0.00773159158649761, 0.00027551518677424586, 3.5038231797591794e-05]
 -  Variance of EMA Test BCE losses: [0.00787820876467027, 0.0004063845625482884, 0.00016968477671824682]
"
