Sample_size,Beta,BCE_Train,BCE_Test,0-1_Train,0-1_Test,EMA_BCE_Train,EMA_BCE_Test,EMA_0-1_Train,EMA_0-1_Test
1000,0.0,0.5260000228881836,0.5299999713897705,0.5260000228881836,0.5299999713897705,0.49818598783016205,0.5004738881886005,0.498202000617981,0.5004999985694886
1000,128,0.3044351637363434,0.2510424852371216,0.3050000071525574,0.25,0.2927817451794073,0.2579914601281493,0.293019227549927,0.25825424683541226

Summary:,"The LMC has been run with the following parameters:
  - Device: cpu
  - Loss function: SAVAGE
  - l_max: 4.0
  - Network architecture: FCN1L
  - Number of hidden layers: 1
  - Width of hidden layers: 500
  - Dataset type: cifar100
  - Dataset name: CIFAR-100
  - Selected classes/groups: [1, 70]
  - Random labels: 0
  - Training set size: 1000
  - Test set size: 200
  - Minimum epochs: 2000
  - Number of Batches: 1
  - Beta values: [0.0, 128]
  - Learning rate (a0): 0.01
  - Learning rate decay (b): 0.5
  - Gaussian prior sigma: 5.0
 -  alpha_average: 0.01
 -  alpha_stop: 0.00025
 -  eta: 36
 -  eps: -1e-07
 -  Seed: 42
 -  Gradient norm: [0.14219344377941912, 0.6420236120304187]
 -  Number of epochs per beta: [1000, 17007]
 -  Variance of EMA Train BCE losses: [0.0028063294674481876, 0.00023780151408549222]
 -  Variance of EMA Test BCE losses: [0.004207382363787149, 0.0007326721503353589]
"
