Sample_size,Beta,BCE_Train,BCE_Test,0-1_Train,0-1_Test,EMA_BCE_Train,EMA_BCE_Test,EMA_0-1_Train,EMA_0-1_Test
1000,0.0,0.48500001430511475,0.47999998927116394,0.48500001430511475,0.47999998927116394,0.501026424407959,0.500588341742754,0.5010449997782708,0.5006049993932247
1000,128,0.32301151752471924,0.32499998807907104,0.3230000138282776,0.32499998807907104,0.3209483946001931,0.3299238966397292,0.3212357136196934,0.3302155873144848
1000,1000,0.13373345136642456,0.23252099752426147,0.13500000536441803,0.23999999463558197,0.1424014018420969,0.24684147415775973,0.143926802407427,0.2489585744102676

Summary:,"The LMC has been run with the following parameters:
  - Device: cpu
  - Loss function: SAVAGE
  - l_max: 4.0
  - Network architecture: FCN1L
  - Number of hidden layers: 1
  - Width of hidden layers: 500
  - Dataset type: cifar100
  - Dataset name: CIFAR-100
  - Selected classes/groups: [48, 90]
  - Random labels: 0
  - Training set size: 1000
  - Test set size: 200
  - Minimum epochs: 2000
  - Number of Batches: 1
  - Beta values: [0.0, 128, 1000]
  - Learning rate (a0): 0.01
  - Learning rate decay (b): 0.5
  - Gaussian prior sigma: 5.0
 -  alpha_average: 0.01
 -  alpha_stop: 0.00025
 -  eta: 36
 -  eps: -1e-07
 -  Seed: 42
 -  Gradient norm: [0.12225669658617035, 0.5850063575768552, 0.33450593932912237]
 -  Number of epochs per beta: [1000, 13614, 16271]
 -  Variance of EMA Train BCE losses: [0.0022728928012060723, 0.0001134675362462062, 0.00010000181225386373]
 -  Variance of EMA Test BCE losses: [0.0032621655360119406, 0.0007013643662386604, 0.0004030472558183007]
"
