Sample_size,Beta,BCE_Train,BCE_Test,0-1_Train,0-1_Test,EMA_BCE_Train,EMA_BCE_Test,EMA_0-1_Train,EMA_0-1_Test
1000,0.0,0.4399999976158142,0.49000000953674316,0.4399999976158142,0.49000000953674316,0.4996067051887512,0.5010876775383949,0.4996290006637573,0.5011049987375736
1000,128,0.40490978956222534,0.44000008702278137,0.4050000011920929,0.4399999976158142,0.3801154483884966,0.43055813549156546,0.38049975881127157,0.4309798160279706
1000,1000,0.18005312979221344,0.28954842686653137,0.18199999630451202,0.28999999165534973,0.18482919592384242,0.3137333834441502,0.18713397827056705,0.3167974447129238

Summary:,"The LMC has been run with the following parameters:
  - Device: cpu
  - Loss function: SAVAGE
  - l_max: 4.0
  - Network architecture: FCN1L
  - Number of hidden layers: 1
  - Width of hidden layers: 500
  - Dataset type: cifar100
  - Dataset name: CIFAR-100
  - Selected classes/groups: [11, 26]
  - Random labels: 0
  - Training set size: 1000
  - Test set size: 200
  - Minimum epochs: 2000
  - Number of Batches: 1
  - Beta values: [0.0, 128, 1000]
  - Learning rate (a0): 0.01
  - Learning rate decay (b): 0.5
  - Gaussian prior sigma: 5.0
 -  alpha_average: 0.01
 -  alpha_stop: 0.00025
 -  eta: 36
 -  eps: -1e-07
 -  Seed: 42
 -  Gradient norm: [0.15584887989205037, 0.5950137927299068, 0.3867753159830538]
 -  Number of epochs per beta: [1000, 12436, 13853]
 -  Variance of EMA Train BCE losses: [0.0008792358094255603, 0.00028358071603271084, 2.3363284395234996e-05]
 -  Variance of EMA Test BCE losses: [0.0014875521041435857, 0.00037844451957916303, 0.00023238877908395017]
"
