Sample_size,Beta,BCE_Train,BCE_Test,0-1_Train,0-1_Test,EMA_BCE_Train,EMA_BCE_Test,EMA_0-1_Train,EMA_0-1_Test
1000,0.0,0.46700000762939453,0.48500001430511475,0.46700000762939453,0.48500001430511475,0.4961013839542866,0.49619488370418546,0.49611899998784065,0.4962149998545647
1000,128,0.22556224465370178,0.2200603038072586,0.22599999606609344,0.2199999988079071,0.23494144120011123,0.228438591408744,0.23510306120894467,0.22859927157844043
1000,1000,0.0972643569111824,0.1400052309036255,0.09799999743700027,0.14000000059604645,0.10149828363235007,0.16106475819369973,0.10248012054570621,0.1623362580081612

Summary:,"The LMC has been run with the following parameters:
  - Device: cpu
  - Loss function: SAVAGE
  - l_max: 4.0
  - Network architecture: FCN1L
  - Number of hidden layers: 1
  - Width of hidden layers: 500
  - Dataset type: cifar100
  - Dataset name: CIFAR-100
  - Selected classes/groups: [39, 70]
  - Random labels: 0
  - Training set size: 1000
  - Test set size: 200
  - Minimum epochs: 2000
  - Number of Batches: 1
  - Beta values: [0.0, 128, 1000]
  - Learning rate (a0): 0.01
  - Learning rate decay (b): 0.5
  - Gaussian prior sigma: 5.0
 -  alpha_average: 0.01
 -  alpha_stop: 0.00025
 -  eta: 36
 -  eps: -1e-07
 -  Seed: 42
 -  Gradient norm: [0.12667179590657393, 0.5884594642526997, 0.25296742085679175]
 -  Number of epochs per beta: [1000, 16495, 15619]
 -  Variance of EMA Train BCE losses: [0.007308744666655542, 6.725029449138054e-05, 1.7573185823786808e-05]
 -  Variance of EMA Test BCE losses: [0.007674130847072719, 0.00015902493800891426, 0.00031059512371259604]
"
