Sample_size,Beta,BCE_Train,BCE_Test,0-1_Train,0-1_Test,EMA_BCE_Train,EMA_BCE_Test,EMA_0-1_Train,EMA_0-1_Test
1000,0.0,0.47999998927116394,0.44999998807907104,0.47999998927116394,0.44999998807907104,0.5001762246191501,0.5000799394249916,0.5001970000267029,0.5000949992835522
1000,128,0.2650042474269867,0.3349549472332001,0.26499998569488525,0.33500000834465027,0.265013470831169,0.3447830068849226,0.26535128596094537,0.3451457218504215
1000,1000,0.11453147977590561,0.20730093121528625,0.11500000208616257,0.20999999344348907,0.11597020196874036,0.2060165749649589,0.11715409363590094,0.20745219098550968

Summary:,"The LMC has been run with the following parameters:
  - Device: cpu
  - Loss function: SAVAGE
  - l_max: 4.0
  - Network architecture: FCN1L
  - Number of hidden layers: 1
  - Width of hidden layers: 500
  - Dataset type: cifar100
  - Dataset name: CIFAR-100
  - Selected classes/groups: [19, 59]
  - Random labels: 0
  - Training set size: 1000
  - Test set size: 200
  - Minimum epochs: 2000
  - Number of Batches: 1
  - Beta values: [0.0, 128, 1000]
  - Learning rate (a0): 0.01
  - Learning rate decay (b): 0.5
  - Gaussian prior sigma: 5.0
 -  alpha_average: 0.01
 -  alpha_stop: 0.00025
 -  eta: 36
 -  eps: -1e-07
 -  Seed: 42
 -  Gradient norm: [0.11713123568447818, 0.5762662328585717, 0.3007993559856322]
 -  Number of epochs per beta: [1000, 12867, 18041]
 -  Variance of EMA Train BCE losses: [0.0033369660707681104, 0.00015978577359197776, 3.07120731924352e-05]
 -  Variance of EMA Test BCE losses: [0.0036468568128870116, 0.0005768013752378565, 0.0001929631613655433]
"
