Sample_size,Beta,BCE_Train,BCE_Test,0-1_Train,0-1_Test,EMA_BCE_Train,EMA_BCE_Test,EMA_0-1_Train,EMA_0-1_Test
1000,0.0,0.4869999885559082,0.5249999761581421,0.4869999885559082,0.5249999761581421,0.5009287179112435,0.5019763101041317,0.5009459999203681,0.5019799991846084
1000,128,0.19251123070716858,0.2350018173456192,0.19300000369548798,0.23499999940395355,0.1818140291968199,0.19653119283398304,0.18201039373522668,0.19673267648328008
1000,1000,0.08762718737125397,0.11499422788619995,0.08799999952316284,0.11500000208616257,0.0823939886828063,0.10237155290495441,0.08298567368512101,0.1033524519820771

Summary:,"The LMC has been run with the following parameters:
  - Device: cpu
  - Loss function: SAVAGE
  - l_max: 4.0
  - Network architecture: FCN1L
  - Number of hidden layers: 1
  - Width of hidden layers: 500
  - Dataset type: cifar100
  - Dataset name: CIFAR-100
  - Selected classes/groups: [53, 54]
  - Random labels: 0
  - Training set size: 1000
  - Test set size: 200
  - Minimum epochs: 2000
  - Number of Batches: 1
  - Beta values: [0.0, 128, 1000]
  - Learning rate (a0): 0.01
  - Learning rate decay (b): 0.5
  - Gaussian prior sigma: 5.0
 -  alpha_average: 0.01
 -  alpha_stop: 0.00025
 -  eta: 36
 -  eps: -1e-07
 -  Seed: 42
 -  Gradient norm: [0.17175471065867054, 0.5433488930538883, 0.23236814099469869]
 -  Number of epochs per beta: [1000, 12700, 19614]
 -  Variance of EMA Train BCE losses: [0.007398458370424632, 0.00011853752609827795, 1.7614939464221692e-05]
 -  Variance of EMA Test BCE losses: [0.008489470563999457, 0.0002711828057545135, 0.00010298622623794787]
"
