Sample_size,Beta,BCE_Train,BCE_Test,0-1_Train,0-1_Test,EMA_BCE_Train,EMA_BCE_Test,EMA_0-1_Train,EMA_0-1_Test
1000,0.0,0.5370000004768372,0.5899999737739563,0.5370000004768372,0.5899999737739563,0.5007965371012688,0.5025566945374011,0.5008170002102852,0.5025749981999398
1000,128,0.42844635248184204,0.39000779390335083,0.42899999022483826,0.38999998569488525,0.41002468413651866,0.4045917175913257,0.41048553495412105,0.40509259193864927
1000,1000,0.23201443254947662,0.440399706363678,0.23499999940395355,0.4399999976158142,0.23202664763451714,0.44967097939084116,0.2355046923596729,0.45487447586372487

Summary:,"The LMC has been run with the following parameters:
  - Device: cpu
  - Loss function: SAVAGE
  - l_max: 4.0
  - Network architecture: FCN1L
  - Number of hidden layers: 1
  - Width of hidden layers: 500
  - Dataset type: cifar100
  - Dataset name: CIFAR-100
  - Selected classes/groups: [27, 44]
  - Random labels: 0
  - Training set size: 1000
  - Test set size: 200
  - Minimum epochs: 2000
  - Number of Batches: 1
  - Beta values: [0.0, 128, 1000]
  - Learning rate (a0): 0.01
  - Learning rate decay (b): 0.5
  - Gaussian prior sigma: 5.0
 -  alpha_average: 0.01
 -  alpha_stop: 0.00025
 -  eta: 36
 -  eps: -1e-07
 -  Seed: 42
 -  Gradient norm: [0.10117154769759516, 0.6040663999873054, 0.37662067180062375]
 -  Number of epochs per beta: [1000, 14310, 13105]
 -  Variance of EMA Train BCE losses: [0.0011306589209214013, 0.00016247782656370058, 6.394746578552296e-05]
 -  Variance of EMA Test BCE losses: [0.002532871028794459, 0.00044128698809864364, 0.000547099666201506]
"
