Sample_size,Beta,BCE_Train,BCE_Test,0-1_Train,0-1_Test,EMA_BCE_Train,EMA_BCE_Test,EMA_0-1_Train,EMA_0-1_Test
1000,0.0,0.4859998822212219,0.45500001311302185,0.4860000014305115,0.45500001311302185,0.4991175203323364,0.49916082295775416,0.4991320000588894,0.49917499846220015
1000,128,0.34528088569641113,0.3799999952316284,0.34599998593330383,0.3799999952316284,0.3457375397141757,0.3369453634694402,0.34602861850536676,0.3372399684982691

Summary:,"The LMC has been run with the following parameters:
  - Device: cpu
  - Loss function: SAVAGE
  - l_max: 4.0
  - Network architecture: FCN1L
  - Number of hidden layers: 1
  - Width of hidden layers: 500
  - Dataset type: cifar100
  - Dataset name: CIFAR-100
  - Selected classes/groups: [26, 83]
  - Random labels: 0
  - Training set size: 1000
  - Test set size: 200
  - Minimum epochs: 2000
  - Number of Batches: 1
  - Beta values: [0.0, 128]
  - Learning rate (a0): 0.01
  - Learning rate decay (b): 0.5
  - Gaussian prior sigma: 5.0
 -  alpha_average: 0.01
 -  alpha_stop: 0.00025
 -  eta: 36
 -  eps: -1e-07
 -  Seed: 42
 -  Gradient norm: [0.1396638471266921, 0.6475025085922183]
 -  Number of epochs per beta: [1000, 16248]
 -  Variance of EMA Train BCE losses: [0.0012841810124481767, 0.0001947887226858569]
 -  Variance of EMA Test BCE losses: [0.0022161297800956936, 0.0006752040966187395]
"
