Sample_size,Beta,BCE_Train,BCE_Test,0-1_Train,0-1_Test,EMA_BCE_Train,EMA_BCE_Test,EMA_0-1_Train,EMA_0-1_Test
1000,0.0,0.5360000133514404,0.5400000214576721,0.5360000133514404,0.5400000214576721,0.49806821858882905,0.498904692530632,0.4980899994671345,0.4989349984228611
1000,128,0.3730165660381317,0.36499229073524475,0.37299999594688416,0.36500000953674316,0.3495954168783535,0.40085958499444535,0.3500288959862973,0.4013640236460144
1000,1000,0.16044680774211884,0.25501635670661926,0.16200000047683716,0.2549999952316284,0.1585109856351565,0.2831633995747676,0.1602103293122615,0.28521667540554907

Summary:,"The LMC has been run with the following parameters:
  - Device: cpu
  - Loss function: SAVAGE
  - l_max: 4.0
  - Network architecture: FCN1L
  - Number of hidden layers: 1
  - Width of hidden layers: 500
  - Dataset type: cifar100
  - Dataset name: CIFAR-100
  - Selected classes/groups: [38, 43]
  - Random labels: 0
  - Training set size: 1000
  - Test set size: 200
  - Minimum epochs: 2000
  - Number of Batches: 1
  - Beta values: [0.0, 128, 1000]
  - Learning rate (a0): 0.01
  - Learning rate decay (b): 0.5
  - Gaussian prior sigma: 5.0
 -  alpha_average: 0.01
 -  alpha_stop: 0.00025
 -  eta: 36
 -  eps: -1e-07
 -  Seed: 42
 -  Gradient norm: [0.09995597464733226, 0.5406810517641095, 0.2996033947196866]
 -  Number of epochs per beta: [1000, 11697, 17330]
 -  Variance of EMA Train BCE losses: [0.0015900626171141408, 0.00014551875928815738, 3.0818148074086144e-05]
 -  Variance of EMA Test BCE losses: [0.002719185089539139, 0.0005150431231804309, 0.000189043453160051]
"
