Sample_size,Beta,BCE_Train,BCE_Test,0-1_Train,0-1_Test,EMA_BCE_Train,EMA_BCE_Test,EMA_0-1_Train,EMA_0-1_Test
1000,0.0,0.5230000019073486,0.5799999833106995,0.5230000019073486,0.5799999833106995,0.5048026646375656,0.5058047797679901,0.5048219999372959,0.5058249995410442
1000,128,0.1365586519241333,0.15000000596046448,0.13699999451637268,0.15000000596046448,0.13588224629174925,0.14484936022550107,0.1360954312754601,0.14508470058493458

Summary:,"The LMC has been run with the following parameters:
  - Device: cpu
  - Loss function: SAVAGE
  - l_max: 4.0
  - Network architecture: FCN1L
  - Number of hidden layers: 1
  - Width of hidden layers: 500
  - Dataset type: cifar100
  - Dataset name: CIFAR-100
  - Selected classes/groups: [57, 71]
  - Random labels: 0
  - Training set size: 1000
  - Test set size: 200
  - Minimum epochs: 2000
  - Number of Batches: 1
  - Beta values: [0.0, 128]
  - Learning rate (a0): 0.01
  - Learning rate decay (b): 0.5
  - Gaussian prior sigma: 5.0
 -  alpha_average: 0.01
 -  alpha_stop: 0.00025
 -  eta: 36
 -  eps: -1e-07
 -  Seed: 42
 -  Gradient norm: [0.14533308947250212, 0.584275200310334]
 -  Number of epochs per beta: [1000, 14817]
 -  Variance of EMA Train BCE losses: [0.010657657360962636, 0.00012540732830494325]
 -  Variance of EMA Test BCE losses: [0.011506595395887331, 0.00030916429674433116]
"
