Sample_size,Beta,BCE_Train,BCE_Test,0-1_Train,0-1_Test,EMA_BCE_Train,EMA_BCE_Test,EMA_0-1_Train,EMA_0-1_Test
1000,0.0,0.3779996335506439,0.3799999952316284,0.3779999911785126,0.3799999952316284,0.49850861144065856,0.49942382141947744,0.49852399984002116,0.49944499930739406
1000,128,0.30101320147514343,0.2950003147125244,0.3009999990463257,0.29499998688697815,0.29074461476012,0.29584247544176195,0.2909973819528736,0.29606406440410654
1000,1000,0.13811345398426056,0.21485891938209534,0.1379999965429306,0.2199999988079071,0.13915532113731882,0.2214880350183022,0.14075393948782536,0.22358406953879745

Summary:,"The LMC has been run with the following parameters:
  - Device: cpu
  - Loss function: SAVAGE
  - l_max: 4.0
  - Network architecture: FCN1L
  - Number of hidden layers: 1
  - Width of hidden layers: 500
  - Dataset type: cifar100
  - Dataset name: CIFAR-100
  - Selected classes/groups: [20, 29]
  - Random labels: 0
  - Training set size: 1000
  - Test set size: 200
  - Minimum epochs: 2000
  - Number of Batches: 1
  - Beta values: [0.0, 128, 1000]
  - Learning rate (a0): 0.01
  - Learning rate decay (b): 0.5
  - Gaussian prior sigma: 5.0
 -  alpha_average: 0.01
 -  alpha_stop: 0.00025
 -  eta: 36
 -  eps: -1e-07
 -  Seed: 42
 -  Gradient norm: [0.15271192310808893, 0.5747894996795769, 0.40466253662536716]
 -  Number of epochs per beta: [1000, 12222, 13899]
 -  Variance of EMA Train BCE losses: [0.006727938133986089, 0.00011560496027357425, 6.060511750993064e-05]
 -  Variance of EMA Test BCE losses: [0.005853725494637474, 0.00045854482335733193, 0.0001795292319537664]
"
