Sample_size,Beta,BCE_Train,BCE_Test,0-1_Train,0-1_Test,EMA_BCE_Train,EMA_BCE_Test,EMA_0-1_Train,EMA_0-1_Test
1000,0.0,0.4309999942779541,0.46000000834465027,0.4309999942779541,0.46000000834465027,0.49784896460175515,0.49760944044589994,0.4978690000772476,0.49763499918580056
1000,128,0.2827899754047394,0.23000000417232513,0.28299999237060547,0.23000000417232513,0.2865927440181851,0.3055366352783203,0.2869544275406418,0.3059249766328522
1000,1000,0.1259562373161316,0.20567867159843445,0.12600000202655792,0.20499999821186066,0.1340393521433587,0.20865035261667597,0.1354726850250714,0.21038646425047486

Summary:,"The LMC has been run with the following parameters:
  - Device: cpu
  - Loss function: SAVAGE
  - l_max: 4.0
  - Network architecture: FCN1L
  - Number of hidden layers: 1
  - Width of hidden layers: 500
  - Dataset type: cifar100
  - Dataset name: CIFAR-100
  - Selected classes/groups: [5, 97]
  - Random labels: 0
  - Training set size: 1000
  - Test set size: 200
  - Minimum epochs: 2000
  - Number of Batches: 1
  - Beta values: [0.0, 128, 1000]
  - Learning rate (a0): 0.01
  - Learning rate decay (b): 0.5
  - Gaussian prior sigma: 5.0
 -  alpha_average: 0.01
 -  alpha_stop: 0.00025
 -  eta: 36
 -  eps: -1e-07
 -  Seed: 42
 -  Gradient norm: [0.14177611254119554, 0.5169688843012984, 0.2917004079692551]
 -  Number of epochs per beta: [1000, 10357, 15797]
 -  Variance of EMA Train BCE losses: [0.005696387209254805, 6.24690920963955e-05, 2.455815631025038e-05]
 -  Variance of EMA Test BCE losses: [0.007155231009355806, 0.002176696655267596, 0.00014219686978585167]
"
