Sample_size,Beta,BCE_Train,BCE_Test,0-1_Train,0-1_Test,EMA_BCE_Train,EMA_BCE_Test,EMA_0-1_Train,EMA_0-1_Test
1000,0.0,0.3529999852180481,0.4099999964237213,0.3529999852180481,0.4099999964237213,0.5032905950993299,0.5043787594884634,0.5033120000958443,0.5043949992209673
1000,128,0.22000664472579956,0.2149983048439026,0.2199999988079071,0.2150000035762787,0.2046919793098944,0.19851308098839077,0.20483712102945895,0.19870154843191548
1000,1000,0.09894241392612457,0.12481586635112762,0.0989999994635582,0.125,0.09430422062136473,0.14838966490463684,0.09508353973933945,0.14934181103670488

Summary:,"The LMC has been run with the following parameters:
  - Device: cpu
  - Loss function: SAVAGE
  - l_max: 4.0
  - Network architecture: FCN1L
  - Number of hidden layers: 1
  - Width of hidden layers: 500
  - Dataset type: cifar100
  - Dataset name: CIFAR-100
  - Selected classes/groups: [10, 73]
  - Random labels: 0
  - Training set size: 1000
  - Test set size: 200
  - Minimum epochs: 2000
  - Number of Batches: 1
  - Beta values: [0.0, 128, 1000]
  - Learning rate (a0): 0.01
  - Learning rate decay (b): 0.5
  - Gaussian prior sigma: 5.0
 -  alpha_average: 0.01
 -  alpha_stop: 0.00025
 -  eta: 36
 -  eps: -1e-07
 -  Seed: 42
 -  Gradient norm: [0.15485305668316218, 0.5863783107764524, 0.24887996950850091]
 -  Number of epochs per beta: [1000, 16589, 17381]
 -  Variance of EMA Train BCE losses: [0.011288027020226299, 7.131526561877238e-05, 1.9081120776066884e-05]
 -  Variance of EMA Test BCE losses: [0.010463246696548745, 0.0003085163039418873, 0.00017475915452152754]
"
