Sample_size,Beta,BCE_Train,BCE_Test,0-1_Train,0-1_Test,EMA_BCE_Train,EMA_BCE_Test,EMA_0-1_Train,EMA_0-1_Test
1000,0.0,0.5239172577857971,0.4749999940395355,0.5239999890327454,0.4749999940395355,0.5019627756774425,0.5020568326413631,0.5019839995801448,0.5020749993622303
1000,128,0.3149149715900421,0.3499999940395355,0.3149999976158142,0.3499999940395355,0.31217076897140345,0.32666507060875843,0.3124924536669375,0.3270049444514887

Summary:,"The LMC has been run with the following parameters:
  - Device: cpu
  - Loss function: SAVAGE
  - l_max: 4.0
  - Network architecture: FCN1L
  - Number of hidden layers: 1
  - Width of hidden layers: 500
  - Dataset type: cifar100
  - Dataset name: CIFAR-100
  - Selected classes/groups: [45, 72]
  - Random labels: 0
  - Training set size: 1000
  - Test set size: 200
  - Minimum epochs: 2000
  - Number of Batches: 1
  - Beta values: [0.0, 128]
  - Learning rate (a0): 0.01
  - Learning rate decay (b): 0.5
  - Gaussian prior sigma: 5.0
 -  alpha_average: 0.01
 -  alpha_stop: 0.00025
 -  eta: 36
 -  eps: -1e-07
 -  Seed: 42
 -  Gradient norm: [0.13193188422260743, 0.6304480631506415]
 -  Number of epochs per beta: [1000, 15372]
 -  Variance of EMA Train BCE losses: [0.00297088061022438, 0.000287516248378597]
 -  Variance of EMA Test BCE losses: [0.0031518306163796916, 0.0003955821847421992]
"
