Sample_size,Beta,BCE_Train,BCE_Test,0-1_Train,0-1_Test,EMA_BCE_Train,EMA_BCE_Test,EMA_0-1_Train,EMA_0-1_Test
1000,0.0,0.3779996335506439,0.3799999952316284,0.3779999911785126,0.3799999952316284,0.49850861144065856,0.49942382141947744,0.49852399984002116,0.49944499930739406
1000,128,0.30101320147514343,0.2950003147125244,0.3009999990463257,0.29499998688697815,0.29074461476012,0.29584247544176195,0.2909973819528736,0.29606406440410654

Summary:,"The LMC has been run with the following parameters:
  - Device: cpu
  - Loss function: SAVAGE
  - l_max: 4.0
  - Network architecture: FCN1L
  - Number of hidden layers: 1
  - Width of hidden layers: 500
  - Dataset type: cifar100
  - Dataset name: CIFAR-100
  - Selected classes/groups: [20, 29]
  - Random labels: 0
  - Training set size: 1000
  - Test set size: 200
  - Minimum epochs: 2000
  - Number of Batches: 1
  - Beta values: [0.0, 128]
  - Learning rate (a0): 0.01
  - Learning rate decay (b): 0.5
  - Gaussian prior sigma: 5.0
 -  alpha_average: 0.01
 -  alpha_stop: 0.00025
 -  eta: 36
 -  eps: -1e-07
 -  Seed: 42
 -  Gradient norm: [0.15271192310808893, 0.5747894996795769]
 -  Number of epochs per beta: [1000, 12222]
 -  Variance of EMA Train BCE losses: [0.006727938133986089, 0.00011560496027357425]
 -  Variance of EMA Test BCE losses: [0.005853725494637474, 0.00045854482335733193]
"
