Sample_size,Beta,BCE_Train,BCE_Test,0-1_Train,0-1_Test,EMA_BCE_Train,EMA_BCE_Test,EMA_0-1_Train,EMA_0-1_Test
1000,0.0,0.4779999852180481,0.46000000834465027,0.4779999852180481,0.46000000834465027,0.4996690744161606,0.4996179639697075,0.4996920001208782,0.49963999855518343
1000,128,0.27710503339767456,0.31499969959259033,0.2770000100135803,0.3149999976158142,0.27392439608747826,0.3145413808564677,0.2743776278713995,0.31500391046812287
1000,1000,0.1170755922794342,0.2000003457069397,0.11699999868869781,0.20000000298023224,0.12074276819030175,0.20075691735170462,0.12192811154993803,0.20205945391311098

Summary:,"The LMC has been run with the following parameters:
  - Device: cpu
  - Loss function: SAVAGE
  - l_max: 4.0
  - Network architecture: FCN1L
  - Number of hidden layers: 1
  - Width of hidden layers: 500
  - Dataset type: cifar100
  - Dataset name: CIFAR-100
  - Selected classes/groups: [9, 91]
  - Random labels: 0
  - Training set size: 1000
  - Test set size: 200
  - Minimum epochs: 2000
  - Number of Batches: 1
  - Beta values: [0.0, 128, 1000]
  - Learning rate (a0): 0.01
  - Learning rate decay (b): 0.5
  - Gaussian prior sigma: 5.0
 -  alpha_average: 0.01
 -  alpha_stop: 0.00025
 -  eta: 36
 -  eps: -1e-07
 -  Seed: 42
 -  Gradient norm: [0.13275536347320582, 0.5753544622751185, 0.3039135594042849]
 -  Number of epochs per beta: [1000, 10227, 17694]
 -  Variance of EMA Train BCE losses: [0.003950540850912759, 0.0004906589961222174, 1.6187951480018878e-05]
 -  Variance of EMA Test BCE losses: [0.004010493239033158, 0.0008956688294666365, 0.00017814902916082204]
"
