Sample_size,Beta,BCE_Train,BCE_Test,0-1_Train,0-1_Test,EMA_BCE_Train,EMA_BCE_Test,EMA_0-1_Train,EMA_0-1_Test
1000,0.0,0.5379999876022339,0.5350000262260437,0.5379999876022339,0.5350000262260437,0.4988651038110256,0.4988121501505375,0.49888200068473815,0.49882499951124193
1000,128,0.20999915897846222,0.20500004291534424,0.20999999344348907,0.20499999821186066,0.19355242055382688,0.2040568347291767,0.19368709086972516,0.20416619305111827
1000,1000,0.08945392072200775,0.18499980866909027,0.09000000357627869,0.1850000023841858,0.09536942970342567,0.1760486637768831,0.09604500751235927,0.17716810035025468

Summary:,"The LMC has been run with the following parameters:
  - Device: cpu
  - Loss function: SAVAGE
  - l_max: 4.0
  - Network architecture: FCN1L
  - Number of hidden layers: 1
  - Width of hidden layers: 500
  - Dataset type: cifar100
  - Dataset name: CIFAR-100
  - Selected classes/groups: [48, 92]
  - Random labels: 0
  - Training set size: 1000
  - Test set size: 200
  - Minimum epochs: 2000
  - Number of Batches: 1
  - Beta values: [0.0, 128, 1000]
  - Learning rate (a0): 0.01
  - Learning rate decay (b): 0.5
  - Gaussian prior sigma: 5.0
 -  alpha_average: 0.01
 -  alpha_stop: 0.00025
 -  eta: 36
 -  eps: -1e-07
 -  Seed: 42
 -  Gradient norm: [0.1423533307233751, 0.6300392926276821, 0.22062504139740324]
 -  Number of epochs per beta: [1000, 19405, 17686]
 -  Variance of EMA Train BCE losses: [0.008215753647712681, 0.0002385113539472919, 1.6183003379993677e-05]
 -  Variance of EMA Test BCE losses: [0.008325610233930858, 0.00016930773187331244, 0.00011989939857498522]
"
