Sample_size,Beta,BCE_Train,BCE_Test,0-1_Train,0-1_Test,EMA_BCE_Train,EMA_BCE_Test,EMA_0-1_Train,EMA_0-1_Test
1000,0.0,0.4604571461677551,0.5249999761581421,0.460999995470047,0.5249999761581421,0.5025757693052292,0.5043541570007801,0.5025920000076294,0.5043949983119964
1000,128,0.20670141279697418,0.28112849593162537,0.2070000022649765,0.2800000011920929,0.23514066115282115,0.2698683603099249,0.23553126173227737,0.270217085611473

Summary:,"The LMC has been run with the following parameters:
  - Device: cpu
  - Loss function: SAVAGE
  - l_max: 4.0
  - Network architecture: FCN1L
  - Number of hidden layers: 1
  - Width of hidden layers: 500
  - Dataset type: cifar100
  - Dataset name: CIFAR-100
  - Selected classes/groups: [94, 99]
  - Random labels: 0
  - Training set size: 1000
  - Test set size: 200
  - Minimum epochs: 2000
  - Number of Batches: 1
  - Beta values: [0.0, 128]
  - Learning rate (a0): 0.01
  - Learning rate decay (b): 0.5
  - Gaussian prior sigma: 5.0
 -  alpha_average: 0.01
 -  alpha_stop: 0.00025
 -  eta: 36
 -  eps: -1e-07
 -  Seed: 42
 -  Gradient norm: [0.11424234605215167, 0.5793995995012302]
 -  Number of epochs per beta: [1000, 12875]
 -  Variance of EMA Train BCE losses: [0.004430693163281263, 0.0003193392209688631]
 -  Variance of EMA Test BCE losses: [0.005823716837640158, 0.0004967845459361298]
"
