Sample_size,Beta,BCE_Train,BCE_Test,0-1_Train,0-1_Test,EMA_BCE_Train,EMA_BCE_Test,EMA_0-1_Train,EMA_0-1_Test
1000,0.0,0.5170000195503235,0.5550000071525574,0.5170000195503235,0.5550000071525574,0.5025065632462502,0.5035986242890358,0.5025290003120899,0.5036299988925457
1000,128,0.23313133418560028,0.2249169945716858,0.2329999953508377,0.22499999403953552,0.23119926868358365,0.25212880664542514,0.23152206179108387,0.25243428163084697
1000,1000,0.07703712582588196,0.1478949338197708,0.07800000160932541,0.15000000596046448,0.07512737888835212,0.13280996966673328,0.07625404172795731,0.13416982817256767

Summary:,"The LMC has been run with the following parameters:
  - Device: cpu
  - Loss function: SAVAGE
  - l_max: 4.0
  - Network architecture: FCN1L
  - Number of hidden layers: 1
  - Width of hidden layers: 500
  - Dataset type: cifar100
  - Dataset name: CIFAR-100
  - Selected classes/groups: [0, 9]
  - Random labels: 0
  - Training set size: 1000
  - Test set size: 200
  - Minimum epochs: 2000
  - Number of Batches: 1
  - Beta values: [0.0, 128, 1000]
  - Learning rate (a0): 0.01
  - Learning rate decay (b): 0.5
  - Gaussian prior sigma: 5.0
 -  alpha_average: 0.01
 -  alpha_stop: 0.00025
 -  eta: 36
 -  eps: -1e-07
 -  Seed: 42
 -  Gradient norm: [0.20258252983479785, 0.593375515255117, 0.31527798322312317]
 -  Number of epochs per beta: [1000, 12782, 17135]
 -  Variance of EMA Train BCE losses: [0.0036190943007700094, 0.00023312304368804104, 3.231511492245414e-05]
 -  Variance of EMA Test BCE losses: [0.004438319909101984, 0.0006231424418388087, 0.00031618406499167237]
"
