Sample_size,Beta,BCE_Train,BCE_Test,0-1_Train,0-1_Test,EMA_BCE_Train,EMA_BCE_Test,EMA_0-1_Train,EMA_0-1_Test
1000,0.0,0.6000000238418579,0.574999988079071,0.6000000238418579,0.574999988079071,0.5041136877834796,0.502915407449007,0.504137000232935,0.5029349995106459
1000,128,0.20100513100624084,0.22294248640537262,0.20100000500679016,0.22499999403953552,0.15301808915945905,0.16267167383807007,0.15326606847632926,0.16289637111576138
1000,1000,0.048573121428489685,0.07000032067298889,0.04899999871850014,0.07000000029802322,0.04931872547800942,0.07978982864183908,0.04993055653009381,0.08083156026190774

Summary:,"The LMC has been run with the following parameters:
  - Device: cpu
  - Loss function: SAVAGE
  - l_max: 4.0
  - Network architecture: FCN1L
  - Number of hidden layers: 1
  - Width of hidden layers: 500
  - Dataset type: cifar100
  - Dataset name: CIFAR-100
  - Selected classes/groups: [21, 30]
  - Random labels: 0
  - Training set size: 1000
  - Test set size: 200
  - Minimum epochs: 2000
  - Number of Batches: 1
  - Beta values: [0.0, 128, 1000]
  - Learning rate (a0): 0.01
  - Learning rate decay (b): 0.5
  - Gaussian prior sigma: 5.0
 -  alpha_average: 0.01
 -  alpha_stop: 0.00025
 -  eta: 36
 -  eps: -1e-07
 -  Seed: 42
 -  Gradient norm: [0.12350501694787024, 0.564982207219252, 0.1842486914203101]
 -  Number of epochs per beta: [1000, 13365, 16445]
 -  Variance of EMA Train BCE losses: [0.008223061847913382, 0.00042873414551747313, 2.4367301161759124e-05]
 -  Variance of EMA Test BCE losses: [0.010281118953944735, 0.0010909796430918842, 0.00010253179091355893]
"
