Sample_size,Beta,BCE_Train,BCE_Test,0-1_Train,0-1_Test,EMA_BCE_Train,EMA_BCE_Test,EMA_0-1_Train,EMA_0-1_Test
1000,0.0,0.5699999928474426,0.5299999713897705,0.5699999928474426,0.5299999713897705,0.5015702291429043,0.5008550361990929,0.5015899999141693,0.5008799988627434
1000,128,0.37482982873916626,0.41499999165534973,0.375,0.41499999165534973,0.3723091159126285,0.41248986460845166,0.37277142813331204,0.41292834893257835

Summary:,"The LMC has been run with the following parameters:
  - Device: cpu
  - Loss function: SAVAGE
  - l_max: 4.0
  - Network architecture: FCN1L
  - Number of hidden layers: 1
  - Width of hidden layers: 500
  - Dataset type: cifar100
  - Dataset name: CIFAR-100
  - Selected classes/groups: [14, 75]
  - Random labels: 0
  - Training set size: 1000
  - Test set size: 200
  - Minimum epochs: 2000
  - Number of Batches: 1
  - Beta values: [0.0, 128]
  - Learning rate (a0): 0.01
  - Learning rate decay (b): 0.5
  - Gaussian prior sigma: 5.0
 -  alpha_average: 0.01
 -  alpha_stop: 0.00025
 -  eta: 36
 -  eps: -1e-07
 -  Seed: 42
 -  Gradient norm: [0.13341997261922692, 0.5811761483240317]
 -  Number of epochs per beta: [1000, 11305]
 -  Variance of EMA Train BCE losses: [0.0012713381845823601, 0.00026218107798794965]
 -  Variance of EMA Test BCE losses: [0.0018173646672118293, 0.0002657899162619437]
"
