Sample_size,Beta,BCE_Train,BCE_Test,0-1_Train,0-1_Test,EMA_BCE_Train,EMA_BCE_Test,EMA_0-1_Train,EMA_0-1_Test
1000,0.0,0.4350002408027649,0.38499999046325684,0.4350000023841858,0.38499999046325684,0.4996377949416637,0.4997984424829483,0.4996619997620583,0.49981000006198884
1000,128,0.3089999854564667,0.3100000023841858,0.3089999854564667,0.3100000023841858,0.3064309607441658,0.3092466563837538,0.30672268641750844,0.30954471854114846

Summary:,"The LMC has been run with the following parameters:
  - Device: cpu
  - Loss function: SAVAGE
  - l_max: 4.0
  - Network architecture: FCN1L
  - Number of hidden layers: 1
  - Width of hidden layers: 500
  - Dataset type: cifar100
  - Dataset name: CIFAR-100
  - Selected classes/groups: [55, 96]
  - Random labels: 0
  - Training set size: 1000
  - Test set size: 200
  - Minimum epochs: 2000
  - Number of Batches: 1
  - Beta values: [0.0, 128]
  - Learning rate (a0): 0.01
  - Learning rate decay (b): 0.5
  - Gaussian prior sigma: 5.0
 -  alpha_average: 0.01
 -  alpha_stop: 0.00025
 -  eta: 36
 -  eps: -1e-07
 -  Seed: 42
 -  Gradient norm: [0.13353056351967757, 0.5987154673622122]
 -  Number of epochs per beta: [1000, 15441]
 -  Variance of EMA Train BCE losses: [0.0028970452036770344, 0.0002032220911460103]
 -  Variance of EMA Test BCE losses: [0.003916585056857214, 0.000388763833090236]
"
