Sample_size,Beta,BCE_Train,BCE_Test,0-1_Train,0-1_Test,EMA_BCE_Train,EMA_BCE_Test,EMA_0-1_Train,EMA_0-1_Test
1000,0.0,0.5010002255439758,0.46000000834465027,0.5009999871253967,0.46000000834465027,0.5001038158237934,0.5007549854516983,0.5001290000379085,0.5007699994146824
1000,128,0.321291446685791,0.36515000462532043,0.32199999690055847,0.36500000953674316,0.32222115632614245,0.3753769680717682,0.3226894108888739,0.3758736121384737

Summary:,"The LMC has been run with the following parameters:
  - Device: cpu
  - Loss function: SAVAGE
  - l_max: 4.0
  - Network architecture: FCN1L
  - Number of hidden layers: 1
  - Width of hidden layers: 500
  - Dataset type: cifar100
  - Dataset name: CIFAR-100
  - Selected classes/groups: [55, 56]
  - Random labels: 0
  - Training set size: 1000
  - Test set size: 200
  - Minimum epochs: 2000
  - Number of Batches: 1
  - Beta values: [0.0, 128]
  - Learning rate (a0): 0.01
  - Learning rate decay (b): 0.5
  - Gaussian prior sigma: 5.0
 -  alpha_average: 0.01
 -  alpha_stop: 0.00025
 -  eta: 36
 -  eps: -1e-07
 -  Seed: 42
 -  Gradient norm: [0.13177513940514787, 0.577198438787949]
 -  Number of epochs per beta: [1000, 11710]
 -  Variance of EMA Train BCE losses: [0.0018158845953749614, 0.00013751192365923925]
 -  Variance of EMA Test BCE losses: [0.0023908852585962093, 0.0006910470842853289]
"
