Sample_size,Beta,BCE_Train,BCE_Test,0-1_Train,0-1_Test,EMA_BCE_Train,EMA_BCE_Test,EMA_0-1_Train,EMA_0-1_Test
1000,0.0,0.3820074200630188,0.4399999976158142,0.38199999928474426,0.4399999976158142,0.5032849296033383,0.5024792209565639,0.5033080008029938,0.5024999999701977
1000,128,0.22990809381008148,0.2549999952316284,0.23000000417232513,0.2549999952316284,0.2521750853563652,0.2719930561912213,0.25245304074585595,0.27222568124217267
1000,1000,0.09972857683897018,0.15379518270492554,0.10000000149011612,0.1550000011920929,0.10567106796251308,0.17330004605485713,0.10691665210149938,0.17466555081567584

Summary:,"The LMC has been run with the following parameters:
  - Device: cpu
  - Loss function: SAVAGE
  - l_max: 4.0
  - Network architecture: FCN1L
  - Number of hidden layers: 1
  - Width of hidden layers: 500
  - Dataset type: cifar100
  - Dataset name: CIFAR-100
  - Selected classes/groups: [25, 67]
  - Random labels: 0
  - Training set size: 1000
  - Test set size: 200
  - Minimum epochs: 2000
  - Number of Batches: 1
  - Beta values: [0.0, 128, 1000]
  - Learning rate (a0): 0.01
  - Learning rate decay (b): 0.5
  - Gaussian prior sigma: 5.0
 -  alpha_average: 0.01
 -  alpha_stop: 0.00025
 -  eta: 36
 -  eps: -1e-07
 -  Seed: 42
 -  Gradient norm: [0.14780714905230105, 0.5931240956459718, 0.29031287645858156]
 -  Number of epochs per beta: [1000, 14928, 17013]
 -  Variance of EMA Train BCE losses: [0.006005493707692822, 0.0002473764007584617, 1.9835949258310143e-05]
 -  Variance of EMA Test BCE losses: [0.007033581898931274, 0.00043586204878065526, 0.00018711400128127928]
"
