Sample_size,Beta,BCE_Train,BCE_Test,0-1_Train,0-1_Test,EMA_BCE_Train,EMA_BCE_Test,EMA_0-1_Train,EMA_0-1_Test
1000,0.0,0.46700000762939453,0.4300000071525574,0.46700000762939453,0.4300000071525574,0.4970944747030735,0.49828337256610394,0.4971160005480051,0.4982999991327524
1000,128,0.2460000067949295,0.27997279167175293,0.2460000067949295,0.2800000011920929,0.23507594938453755,0.2629832531214537,0.23530080603414244,0.26327848699166273
1000,1000,0.09507881850004196,0.17525333166122437,0.0949999988079071,0.17499999701976776,0.09307917459246354,0.17351611182103313,0.0938892842338812,0.17449455849625686

Summary:,"The LMC has been run with the following parameters:
  - Device: cpu
  - Loss function: SAVAGE
  - l_max: 4.0
  - Network architecture: FCN1L
  - Number of hidden layers: 1
  - Width of hidden layers: 500
  - Dataset type: cifar100
  - Dataset name: CIFAR-100
  - Selected classes/groups: [41, 43]
  - Random labels: 0
  - Training set size: 1000
  - Test set size: 200
  - Minimum epochs: 2000
  - Number of Batches: 1
  - Beta values: [0.0, 128, 1000]
  - Learning rate (a0): 0.01
  - Learning rate decay (b): 0.5
  - Gaussian prior sigma: 5.0
 -  alpha_average: 0.01
 -  alpha_stop: 0.00025
 -  eta: 36
 -  eps: -1e-07
 -  Seed: 42
 -  Gradient norm: [0.1688324607448391, 0.5205264008058791, 0.24955155331882314]
 -  Number of epochs per beta: [1000, 12277, 23059]
 -  Variance of EMA Train BCE losses: [0.01045943715949671, 7.59474136780916e-05, 2.9199300003968434e-05]
 -  Variance of EMA Test BCE losses: [0.010447154038983358, 0.000864158593190556, 0.00020389824583089133]
"
