Sample_size,Beta,BCE_Train,BCE_Test,0-1_Train,0-1_Test,EMA_BCE_Train,EMA_BCE_Test,EMA_0-1_Train,EMA_0-1_Test
1000,0.0,0.5040000081062317,0.44999998807907104,0.5040000081062317,0.44999998807907104,0.4997734125256538,0.5000399985611439,0.49977400061488153,0.5000399985611439
1000,128,0.3709999918937683,0.37998998165130615,0.3709999918937683,0.3799999952316284,0.36925426640024983,0.36385060786158396,0.36928388817950686,0.3638853850040498
1000,1000,0.20400024950504303,0.299955278635025,0.20399999618530273,0.30000001192092896,0.16530098620925093,0.2653176943489606,0.16563249646954592,0.2657625515254447

Summary:,"The LMC has been run with the following parameters:
  - Device: cpu
  - Loss function: SAVAGE
  - l_max: 4.0
  - Network architecture: FCN2L
  - Number of hidden layers: 2
  - Width of hidden layers: 500
  - Dataset type: cifar100
  - Dataset name: CIFAR-100
  - Selected classes/groups: [8, 29]
  - Random labels: 0
  - Training set size: 1000
  - Test set size: 200
  - Minimum epochs: 2000
  - Number of Batches: 1
  - Beta values: [0.0, 128, 1000]
  - Learning rate (a0): 0.01
  - Learning rate decay (b): 0.5
  - Gaussian prior sigma: 5.0
 -  alpha_average: 0.01
 -  alpha_stop: 0.00025
 -  eta: 36
 -  eps: -1e-07
 -  Seed: 42
 -  Gradient norm: [44.797698094697886, 1.1643963140963987, 0.9074696022280929]
 -  Number of epochs per beta: [1000, 11892, 13940]
 -  Variance of EMA Train BCE losses: [0.0008943520002102634, 0.0007224832148362281, 0.00014666377451729926]
 -  Variance of EMA Test BCE losses: [0.0020480483609192635, 0.0014882218264056224, 0.00028667724750695844]
"
