Sample_size,Beta,BCE_Train,BCE_Test,0-1_Train,0-1_Test,EMA_BCE_Train,EMA_BCE_Test,EMA_0-1_Train,EMA_0-1_Test
1000,0.0,0.5640000104904175,0.6299999952316284,0.5640000104904175,0.6299999952316284,0.5008576449602843,0.501374999821186,0.5008580005317926,0.501374999821186
1000,128,0.15299999713897705,0.1850000023841858,0.15299999713897705,0.1850000023841858,0.15536099187815777,0.1744628162374469,0.15537075429306282,0.17447302755355448
1000,1000,0.07000033557415009,0.11500000208616257,0.07000000029802322,0.11500000208616257,0.07263857500656382,0.12515673975490904,0.07277887662051037,0.12535072442018974

Summary:,"The LMC has been run with the following parameters:
  - Device: cpu
  - Loss function: SAVAGE
  - l_max: 4.0
  - Network architecture: FCN2L
  - Number of hidden layers: 2
  - Width of hidden layers: 500
  - Dataset type: cifar100
  - Dataset name: CIFAR-100
  - Selected classes/groups: [24, 95]
  - Random labels: 0
  - Training set size: 1000
  - Test set size: 200
  - Minimum epochs: 2000
  - Number of Batches: 1
  - Beta values: [0.0, 128, 1000]
  - Learning rate (a0): 0.01
  - Learning rate decay (b): 0.5
  - Gaussian prior sigma: 5.0
 -  alpha_average: 0.01
 -  alpha_stop: 0.00025
 -  eta: 36
 -  eps: -1e-07
 -  Seed: 42
 -  Gradient norm: [19.09990010518204, 0.8971973437886614, 0.5478024635401985]
 -  Number of epochs per beta: [1000, 16016, 14969]
 -  Variance of EMA Train BCE losses: [0.011049961151146648, 0.0002751515305841265, 4.238435074637413e-05]
 -  Variance of EMA Test BCE losses: [0.011989484516963522, 0.0006422022517752826, 0.00017644352627934484]
"
