Sample_size,Beta,BCE_Train,BCE_Test,0-1_Train,0-1_Test,EMA_BCE_Train,EMA_BCE_Test,EMA_0-1_Train,EMA_0-1_Test
1000,0.0,0.5109999775886536,0.4350000023841858,0.5109999775886536,0.4350000023841858,0.4987203117311001,0.49898499870300295,0.4987209997177124,0.49898499870300295
1000,128,0.35199999809265137,0.375,0.35199999809265137,0.375,0.3389268284492897,0.30755753638539757,0.3389566423571352,0.30758712283720835
1000,1000,0.13800083100795746,0.21497724950313568,0.1379999965429306,0.2150000035762787,0.14823358677675116,0.22966925776831532,0.14855799517808072,0.23011962320432203

Summary:,"The LMC has been run with the following parameters:
  - Device: cpu
  - Loss function: SAVAGE
  - l_max: 4.0
  - Network architecture: FCN2L
  - Number of hidden layers: 2
  - Width of hidden layers: 500
  - Dataset type: cifar100
  - Dataset name: CIFAR-100
  - Selected classes/groups: [5, 77]
  - Random labels: 0
  - Training set size: 1000
  - Test set size: 200
  - Minimum epochs: 2000
  - Number of Batches: 1
  - Beta values: [0.0, 128, 1000]
  - Learning rate (a0): 0.01
  - Learning rate decay (b): 0.5
  - Gaussian prior sigma: 5.0
 -  alpha_average: 0.01
 -  alpha_stop: 0.00025
 -  eta: 36
 -  eps: -1e-07
 -  Seed: 42
 -  Gradient norm: [51.69154798876773, 1.0813836251795097, 0.7924517320912119]
 -  Number of epochs per beta: [1000, 12224, 13208]
 -  Variance of EMA Train BCE losses: [0.001991827780636557, 0.00046113132981032146, 3.2090389013819665e-05]
 -  Variance of EMA Test BCE losses: [0.003707294774369957, 0.001398884671380704, 0.0003971948953414989]
"
