Sample_size,Beta,BCE_Train,BCE_Test,0-1_Train,0-1_Test,EMA_BCE_Train,EMA_BCE_Test,EMA_0-1_Train,EMA_0-1_Test
1000,0.0,0.4950000047683716,0.4399999976158142,0.4950000047683716,0.4399999976158142,0.49850867569446566,0.4981799989938736,0.4985090004205704,0.4981799989938736
1000,128,0.2199999988079071,0.2549999952316284,0.2199999988079071,0.2549999952316284,0.2273683240965651,0.22468529204334659,0.22739196628979783,0.2247114344876582
1000,1000,0.10599999874830246,0.1599999964237213,0.10599999874830246,0.1599999964237213,0.10555113507058855,0.1507754686471066,0.10571926942847391,0.1510073202051688

Summary:,"The LMC has been run with the following parameters:
  - Device: cpu
  - Loss function: SAVAGE
  - l_max: 4.0
  - Network architecture: FCN2L
  - Number of hidden layers: 2
  - Width of hidden layers: 500
  - Dataset type: cifar100
  - Dataset name: CIFAR-100
  - Selected classes/groups: [7, 85]
  - Random labels: 0
  - Training set size: 1000
  - Test set size: 200
  - Minimum epochs: 2000
  - Number of Batches: 1
  - Beta values: [0.0, 128, 1000]
  - Learning rate (a0): 0.01
  - Learning rate decay (b): 0.5
  - Gaussian prior sigma: 5.0
 -  alpha_average: 0.01
 -  alpha_stop: 0.00025
 -  eta: 36
 -  eps: -1e-07
 -  Seed: 42
 -  Gradient norm: [8.002325992541103, 0.9573290590654713, 0.5924100767332442]
 -  Number of epochs per beta: [1000, 11228, 15164]
 -  Variance of EMA Train BCE losses: [0.003779321503584232, 0.0003051836792289306, 3.42947499961839e-05]
 -  Variance of EMA Test BCE losses: [0.004762337589733656, 0.0007973495532438007, 0.0007332670501595945]
"
