Sample_size,Beta,BCE_Train,BCE_Test,0-1_Train,0-1_Test,EMA_BCE_Train,EMA_BCE_Test,EMA_0-1_Train,EMA_0-1_Test
1000,0.0,0.5339999794960022,0.5450000166893005,0.5339999794960022,0.5450000166893005,0.4981416608095169,0.4979749956727028,0.4981430003941059,0.49797499990463256
1000,128,0.31700000166893005,0.3449999988079071,0.31700000166893005,0.3449999988079071,0.3284775078564151,0.35839401899339773,0.3285099784157559,0.35842929497200404
1000,1000,0.18988564610481262,0.24500000476837158,0.1899999976158142,0.24500000476837158,0.16957836306485288,0.2729320348286425,0.16984566797083916,0.2732821850780399

Summary:,"The LMC has been run with the following parameters:
  - Device: cpu
  - Loss function: SAVAGE
  - l_max: 4.0
  - Network architecture: FCN2L
  - Number of hidden layers: 2
  - Width of hidden layers: 500
  - Dataset type: cifar100
  - Dataset name: CIFAR-100
  - Selected classes/groups: [16, 27]
  - Random labels: 0
  - Training set size: 1000
  - Test set size: 200
  - Minimum epochs: 2000
  - Number of Batches: 1
  - Beta values: [0.0, 128, 1000]
  - Learning rate (a0): 0.01
  - Learning rate decay (b): 0.5
  - Gaussian prior sigma: 5.0
 -  alpha_average: 0.01
 -  alpha_stop: 0.00025
 -  eta: 36
 -  eps: -1e-07
 -  Seed: 42
 -  Gradient norm: [72.03067132575613, 0.9810129253790074, 0.7868605241627717]
 -  Number of epochs per beta: [1000, 10473, 15674]
 -  Variance of EMA Train BCE losses: [0.0038580140519386408, 0.000150403404765867, 5.2142347623525265e-05]
 -  Variance of EMA Test BCE losses: [0.004682074420515908, 0.000798591818953448, 0.00032908683919721793]
"
