Sample_size,Beta,BCE_Train,BCE_Test,0-1_Train,0-1_Test,EMA_BCE_Train,EMA_BCE_Test,EMA_0-1_Train,EMA_0-1_Test
1000,0.0,0.46700000762939453,0.4350000023841858,0.46700000762939453,0.4350000023841858,0.5024700001776219,0.5030074114054441,0.5024700002372264,0.5030099990218878
1000,128,0.15600000321865082,0.20000000298023224,0.15600000321865082,0.20000000298023224,0.13910496096185282,0.1548176662584541,0.13911808787710017,0.15482827788497147
1000,1000,0.06084776297211647,0.0700254738330841,0.061000000685453415,0.07000000029802322,0.05821208342631249,0.08669375082529905,0.05829964792343279,0.08679707461891863

Summary:,"The LMC has been run with the following parameters:
  - Device: cpu
  - Loss function: SAVAGE
  - l_max: 4.0
  - Network architecture: FCN2L
  - Number of hidden layers: 2
  - Width of hidden layers: 500
  - Dataset type: cifar100
  - Dataset name: CIFAR-100
  - Selected classes/groups: [43, 76]
  - Random labels: 0
  - Training set size: 1000
  - Test set size: 200
  - Minimum epochs: 2000
  - Number of Batches: 1
  - Beta values: [0.0, 128, 1000]
  - Learning rate (a0): 0.01
  - Learning rate decay (b): 0.5
  - Gaussian prior sigma: 5.0
 -  alpha_average: 0.01
 -  alpha_stop: 0.00025
 -  eta: 36
 -  eps: -1e-07
 -  Seed: 42
 -  Gradient norm: [1.0817749088290113e-06, 0.8225096441814944, 0.4248816777847301]
 -  Number of epochs per beta: [1000, 13219, 18455]
 -  Variance of EMA Train BCE losses: [0.006517111143195309, 0.00018978441172044086, 2.8832728912213477e-05]
 -  Variance of EMA Test BCE losses: [0.007230647727904993, 0.0006832291993440695, 0.00011592271383494349]
"
