Sample_size,Beta,BCE_Train,BCE_Test,0-1_Train,0-1_Test,EMA_BCE_Train,EMA_BCE_Test,EMA_0-1_Train,EMA_0-1_Test
1000,0.0,0.4480000138282776,0.4699999988079071,0.4480000138282776,0.4699999988079071,0.5002851697802544,0.5015300000309945,0.5002850000858307,0.5015300000309945
1000,128,0.18799999356269836,0.19499999284744263,0.18799999356269836,0.19499999284744263,0.21704069613720325,0.20594774761222928,0.21705465332462967,0.20596339088035703

Summary:,"The LMC has been run with the following parameters:
  - Device: cpu
  - Loss function: SAVAGE
  - l_max: 4.0
  - Network architecture: FCN2L
  - Number of hidden layers: 2
  - Width of hidden layers: 500
  - Dataset type: cifar100
  - Dataset name: CIFAR-100
  - Selected classes/groups: [12, 66]
  - Random labels: 0
  - Training set size: 1000
  - Test set size: 200
  - Minimum epochs: 2000
  - Number of Batches: 1
  - Beta values: [0.0, 128]
  - Learning rate (a0): 0.01
  - Learning rate decay (b): 0.5
  - Gaussian prior sigma: 5.0
 -  alpha_average: 0.01
 -  alpha_stop: 0.00025
 -  eta: 36
 -  eps: -1e-07
 -  Seed: 42
 -  Gradient norm: [11.588057614005477, 0.9224954439037623]
 -  Number of epochs per beta: [1000, 15461]
 -  Variance of EMA Train BCE losses: [0.005758573558396429, 0.0006654346413382042]
 -  Variance of EMA Test BCE losses: [0.005139559153799822, 0.0004684030628498981]
"
