Sample_size,Beta,BCE_Train,BCE_Test,0-1_Train,0-1_Test,EMA_BCE_Train,EMA_BCE_Test,EMA_0-1_Train,EMA_0-1_Test
1000,0.0,0.4830000102519989,0.4699999988079071,0.4830000102519989,0.4699999988079071,0.49949434289336203,0.5007149993777275,0.4994949999153614,0.5007149993777275
1000,128,0.3479999899864197,0.36000001430511475,0.3479999899864197,0.36000001430511475,0.3659037566604502,0.3682289048444736,0.3659239913602445,0.3682491878581858
1000,1000,0.15337832272052765,0.25999999046325684,0.15399999916553497,0.25999999046325684,0.16688350775643085,0.25194844341096573,0.16721125829949332,0.25233584525805774

Summary:,"The LMC has been run with the following parameters:
  - Device: cpu
  - Loss function: SAVAGE
  - l_max: 4.0
  - Network architecture: FCN2L
  - Number of hidden layers: 2
  - Width of hidden layers: 500
  - Dataset type: cifar100
  - Dataset name: CIFAR-100
  - Selected classes/groups: [26, 57]
  - Random labels: 0
  - Training set size: 1000
  - Test set size: 200
  - Minimum epochs: 2000
  - Number of Batches: 1
  - Beta values: [0.0, 128, 1000]
  - Learning rate (a0): 0.01
  - Learning rate decay (b): 0.5
  - Gaussian prior sigma: 5.0
 -  alpha_average: 0.01
 -  alpha_stop: 0.00025
 -  eta: 36
 -  eps: -1e-07
 -  Seed: 42
 -  Gradient norm: [31.50553670063973, 1.0207850068932791, 0.9290326730218026]
 -  Number of epochs per beta: [1000, 12617, 13661]
 -  Variance of EMA Train BCE losses: [0.0013479891421271373, 0.0003099955793759712, 9.721735799753453e-05]
 -  Variance of EMA Test BCE losses: [0.0024296137449552613, 0.0007859609015475888, 0.00035798319701428605]
"
