Sample_size,Beta,BCE_Train,BCE_Test,0-1_Train,0-1_Test,EMA_BCE_Train,EMA_BCE_Test,EMA_0-1_Train,EMA_0-1_Test
1000,0.0,0.4950000047683716,0.48500001430511475,0.4950000047683716,0.48500001430511475,0.5029770006537437,0.5036499995589256,0.5029770004749298,0.5036499995589256
1000,128,0.2720000147819519,0.2800000011920929,0.2720000147819519,0.2800000011920929,0.26902348931548753,0.27090952105432536,0.26904065002968874,0.27092756618980446

Summary:,"The LMC has been run with the following parameters:
  - Device: cpu
  - Loss function: SAVAGE
  - l_max: 4.0
  - Network architecture: FCN2L
  - Number of hidden layers: 2
  - Width of hidden layers: 500
  - Dataset type: cifar100
  - Dataset name: CIFAR-100
  - Selected classes/groups: [4, 28]
  - Random labels: 0
  - Training set size: 1000
  - Test set size: 200
  - Minimum epochs: 2000
  - Number of Batches: 1
  - Beta values: [0.0, 128]
  - Learning rate (a0): 0.01
  - Learning rate decay (b): 0.5
  - Gaussian prior sigma: 5.0
 -  alpha_average: 0.01
 -  alpha_stop: 0.00025
 -  eta: 36
 -  eps: -1e-07
 -  Seed: 42
 -  Gradient norm: [2.8068847588997316e-05, 0.8663116355528124]
 -  Number of epochs per beta: [1000, 12743]
 -  Variance of EMA Train BCE losses: [0.0035543885395017405, 0.00018094143542141117]
 -  Variance of EMA Test BCE losses: [0.004951527515129006, 0.0002666087442384224]
"
