Sample_size,Beta,BCE_Train,BCE_Test,0-1_Train,0-1_Test,EMA_BCE_Train,EMA_BCE_Test,EMA_0-1_Train,EMA_0-1_Test
1000,0.0,0.5649999976158142,0.5950000286102295,0.5649999976158142,0.5950000286102295,0.4994601474404335,0.49934999909996985,0.4994600000679493,0.49934999909996985
1000,128,0.1889999955892563,0.20000000298023224,0.1889999955892563,0.20000000298023224,0.1694211571681663,0.19006164725702146,0.16944006303108852,0.19008131486412486
1000,1000,0.0860000029206276,0.11500000208616257,0.0860000029206276,0.11500000208616257,0.08491654590164466,0.1321782212502484,0.08502530036059482,0.13235533154837928

Summary:,"The LMC has been run with the following parameters:
  - Device: cpu
  - Loss function: SAVAGE
  - l_max: 4.0
  - Network architecture: FCN2L
  - Number of hidden layers: 2
  - Width of hidden layers: 500
  - Dataset type: cifar100
  - Dataset name: CIFAR-100
  - Selected classes/groups: [24, 61]
  - Random labels: 0
  - Training set size: 1000
  - Test set size: 200
  - Minimum epochs: 2000
  - Number of Batches: 1
  - Beta values: [0.0, 128, 1000]
  - Learning rate (a0): 0.01
  - Learning rate decay (b): 0.5
  - Gaussian prior sigma: 5.0
 -  alpha_average: 0.01
 -  alpha_stop: 0.00025
 -  eta: 36
 -  eps: -1e-07
 -  Seed: 42
 -  Gradient norm: [1.4118885289943903, 0.961796104736008, 0.6032406981170552]
 -  Number of epochs per beta: [1000, 11437, 18577]
 -  Variance of EMA Train BCE losses: [0.006471141989672746, 0.00014634307382858924, 3.639308032180738e-05]
 -  Variance of EMA Test BCE losses: [0.006596677435518061, 0.0003908901149952404, 0.0002498750752709354]
"
