Sample_size,Beta,BCE_Train,BCE_Test,0-1_Train,0-1_Test,EMA_BCE_Train,EMA_BCE_Test,EMA_0-1_Train,EMA_0-1_Test
1000,0.0,0.5450000166893005,0.5550000071525574,0.5450000166893005,0.5550000071525574,0.5033439242094755,0.5037399998158216,0.5033439999073743,0.5037399998158216
1000,128,0.1420000046491623,0.17000000178813934,0.1420000046491623,0.17000000178813934,0.1355049722550208,0.14102913257338737,0.13552159613390005,0.14104684294318462
1000,1000,0.04800000041723251,0.10000000149011612,0.04800000041723251,0.10000000149011612,0.049404799684424336,0.08839876244408795,0.049473771411682875,0.08852391220743056

Summary:,"The LMC has been run with the following parameters:
  - Device: cpu
  - Loss function: SAVAGE
  - l_max: 4.0
  - Network architecture: FCN2L
  - Number of hidden layers: 2
  - Width of hidden layers: 500
  - Dataset type: cifar100
  - Dataset name: CIFAR-100
  - Selected classes/groups: [53, 96]
  - Random labels: 0
  - Training set size: 1000
  - Test set size: 200
  - Minimum epochs: 2000
  - Number of Batches: 1
  - Beta values: [0.0, 128, 1000]
  - Learning rate (a0): 0.01
  - Learning rate decay (b): 0.5
  - Gaussian prior sigma: 5.0
 -  alpha_average: 0.01
 -  alpha_stop: 0.00025
 -  eta: 36
 -  eps: -1e-07
 -  Seed: 42
 -  Gradient norm: [2.525094581108114, 0.8340112815048489, 0.36116471619284785]
 -  Number of epochs per beta: [1000, 11229, 18129]
 -  Variance of EMA Train BCE losses: [0.007821159366071306, 0.0004059743917434501, 2.991595078624676e-05]
 -  Variance of EMA Test BCE losses: [0.008457112397640631, 0.0009237543908859405, 0.00022921677260384285]
"
