Sample_size,Beta,BCE_Train,BCE_Test,0-1_Train,0-1_Test,EMA_BCE_Train,EMA_BCE_Test,EMA_0-1_Train,EMA_0-1_Test
1000,0.0,0.4180000126361847,0.47999998927116394,0.4180000126361847,0.47999998927116394,0.5027639992237091,0.5021600004732609,0.5027639992237091,0.5021599995195866
1000,128,0.3449999988079071,0.3149999976158142,0.3449999988079071,0.3149999976158142,0.34422911082176844,0.3268963997655474,0.3442458251182757,0.3269125534443183
1000,1000,0.1640002727508545,0.26499998569488525,0.164000004529953,0.26499998569488525,0.1561679871022693,0.2520289829475832,0.15648437723535716,0.25244746716058436

Summary:,"The LMC has been run with the following parameters:
  - Device: cpu
  - Loss function: SAVAGE
  - l_max: 4.0
  - Network architecture: FCN2L
  - Number of hidden layers: 2
  - Width of hidden layers: 500
  - Dataset type: cifar100
  - Dataset name: CIFAR-100
  - Selected classes/groups: [34, 99]
  - Random labels: 0
  - Training set size: 1000
  - Test set size: 200
  - Minimum epochs: 2000
  - Number of Batches: 1
  - Beta values: [0.0, 128, 1000]
  - Learning rate (a0): 0.01
  - Learning rate decay (b): 0.5
  - Gaussian prior sigma: 5.0
 -  alpha_average: 0.01
 -  alpha_stop: 0.00025
 -  eta: 36
 -  eps: -1e-07
 -  Seed: 42
 -  Gradient norm: [9.145392099000881e-19, 1.0399377305486943, 0.8045183900828354]
 -  Number of epochs per beta: [1000, 16227, 14658]
 -  Variance of EMA Train BCE losses: [0.002057498292161619, 0.000574048964905538, 4.9540814918713066e-05]
 -  Variance of EMA Test BCE losses: [0.0034255843465177405, 0.0009868505273446793, 0.0005676608610251793]
"
