Sample_size,Beta,BCE_Train,BCE_Test,0-1_Train,0-1_Test,EMA_BCE_Train,EMA_BCE_Test,EMA_0-1_Train,EMA_0-1_Test
1000,0.0,0.5339999794960022,0.5450000166893005,0.5339999794960022,0.5450000166893005,0.49819999998807907,0.4982949987053871,0.4982000000476837,0.4982949987053871
1000,128,0.4090000092983246,0.41499999165534973,0.4090000092983246,0.41499999165534973,0.3946334301791142,0.4020481002626129,0.39466894316179135,0.4020844909145731

Summary:,"The LMC has been run with the following parameters:
  - Device: cpu
  - Loss function: SAVAGE
  - l_max: 4.0
  - Network architecture: FCN2L
  - Number of hidden layers: 2
  - Width of hidden layers: 500
  - Dataset type: cifar100
  - Dataset name: CIFAR-100
  - Selected classes/groups: [30, 73]
  - Random labels: 0
  - Training set size: 1000
  - Test set size: 200
  - Minimum epochs: 2000
  - Number of Batches: 1
  - Beta values: [0.0, 128]
  - Learning rate (a0): 0.01
  - Learning rate decay (b): 0.5
  - Gaussian prior sigma: 5.0
 -  alpha_average: 0.01
 -  alpha_stop: 0.00025
 -  eta: 36
 -  eps: -1e-07
 -  Seed: 42
 -  Gradient norm: [7.027660312947058e-07, 1.2861766190692827]
 -  Number of epochs per beta: [1000, 12593]
 -  Variance of EMA Train BCE losses: [0.001394574007428817, 0.0003172295088881838]
 -  Variance of EMA Test BCE losses: [0.001991567930459681, 0.0007037340841624384]
"
