Sample_size,Beta,BCE_Train,BCE_Test,0-1_Train,0-1_Test,EMA_BCE_Train,EMA_BCE_Test,EMA_0-1_Train,EMA_0-1_Test
1000,0.0,0.41499999165534973,0.41499999165534973,0.41499999165534973,0.41499999165534973,0.5016176196038723,0.502838059335947,0.5016180004477501,0.5028399990200997
1000,128,0.20499999821186066,0.25999999046325684,0.20499999821186066,0.25999999046325684,0.2084336558594629,0.25767759831219156,0.2084448270301298,0.25769015672417966
1000,1000,0.11834077537059784,0.19499999284744263,0.11900000274181366,0.19499999284744263,0.12253678372163944,0.19400325742561708,0.1227170672657833,0.19425394289493053

Summary:,"The LMC has been run with the following parameters:
  - Device: cpu
  - Loss function: SAVAGE
  - l_max: 4.0
  - Network architecture: FCN2L
  - Number of hidden layers: 2
  - Width of hidden layers: 500
  - Dataset type: cifar100
  - Dataset name: CIFAR-100
  - Selected classes/groups: [21, 22]
  - Random labels: 0
  - Training set size: 1000
  - Test set size: 200
  - Minimum epochs: 2000
  - Number of Batches: 1
  - Beta values: [0.0, 128, 1000]
  - Learning rate (a0): 0.01
  - Learning rate decay (b): 0.5
  - Gaussian prior sigma: 5.0
 -  alpha_average: 0.01
 -  alpha_stop: 0.00025
 -  eta: 36
 -  eps: -1e-07
 -  Seed: 42
 -  Gradient norm: [5.762118818511478, 0.7758747328301983, 0.6398939175492359]
 -  Number of epochs per beta: [1000, 13068, 14074]
 -  Variance of EMA Train BCE losses: [0.005685298059660504, 0.00011327932465407531, 3.4209930747458595e-05]
 -  Variance of EMA Test BCE losses: [0.0052299737577160554, 0.00032457339103697525, 0.0002506173971147385]
"
