Sample_size,Beta,BCE_Train,BCE_Test,0-1_Train,0-1_Test,EMA_BCE_Train,EMA_BCE_Test,EMA_0-1_Train,EMA_0-1_Test
1000,0.0,0.5519999861717224,0.5350000262260437,0.5519999861717224,0.5350000262260437,0.500793149471283,0.501254998266697,0.5007930004000664,0.501254998266697
1000,128,0.2800000011920929,0.2750000059604645,0.2800000011920929,0.2750000059604645,0.2708623459868897,0.2754766019129661,0.27088820136925007,0.27550821876445175

Summary:,"The LMC has been run with the following parameters:
  - Device: cpu
  - Loss function: SAVAGE
  - l_max: 4.0
  - Network architecture: FCN2L
  - Number of hidden layers: 2
  - Width of hidden layers: 500
  - Dataset type: cifar100
  - Dataset name: CIFAR-100
  - Selected classes/groups: [9, 61]
  - Random labels: 0
  - Training set size: 1000
  - Test set size: 200
  - Minimum epochs: 2000
  - Number of Batches: 1
  - Beta values: [0.0, 128]
  - Learning rate (a0): 0.01
  - Learning rate decay (b): 0.5
  - Gaussian prior sigma: 5.0
 -  alpha_average: 0.01
 -  alpha_stop: 0.00025
 -  eta: 36
 -  eps: -1e-07
 -  Seed: 42
 -  Gradient norm: [1.4116387445290333, 0.9512206506394787]
 -  Number of epochs per beta: [1000, 10340]
 -  Variance of EMA Train BCE losses: [0.003370301966619471, 0.00021056755062427712]
 -  Variance of EMA Test BCE losses: [0.0030240500005104254, 0.00034977486107515277]
"
