Sample_size,Beta,BCE_Train,BCE_Test,0-1_Train,0-1_Test,EMA_BCE_Train,EMA_BCE_Test,EMA_0-1_Train,EMA_0-1_Test
1000,0.0,0.414000004529953,0.39500001072883606,0.414000004529953,0.39500001072883606,0.5005402109026909,0.5008832845836878,0.5005400001704693,0.5008849996179342
1000,128,0.13699999451637268,0.1599999964237213,0.13699999451637268,0.1599999964237213,0.13138320081651628,0.1561458887857704,0.13139388275160077,0.15615944499022477
1000,1000,0.05199999734759331,0.03500000014901161,0.052000001072883606,0.03500000014901161,0.044854499428213374,0.06097590713939011,0.04491604928317899,0.06104913188964991

Summary:,"The LMC has been run with the following parameters:
  - Device: cpu
  - Loss function: SAVAGE
  - l_max: 4.0
  - Network architecture: FCN2L
  - Number of hidden layers: 2
  - Width of hidden layers: 500
  - Dataset type: cifar100
  - Dataset name: CIFAR-100
  - Selected classes/groups: [60, 97]
  - Random labels: 0
  - Training set size: 1000
  - Test set size: 200
  - Minimum epochs: 2000
  - Number of Batches: 1
  - Beta values: [0.0, 128, 1000]
  - Learning rate (a0): 0.01
  - Learning rate decay (b): 0.5
  - Gaussian prior sigma: 5.0
 -  alpha_average: 0.01
 -  alpha_stop: 0.00025
 -  eta: 36
 -  eps: -1e-07
 -  Seed: 42
 -  Gradient norm: [20.748169292169454, 0.8055925117298333, 0.322322963409178]
 -  Number of epochs per beta: [1000, 14908, 19702]
 -  Variance of EMA Train BCE losses: [0.011869888785803306, 0.0005638746946759303, 1.969598650022322e-05]
 -  Variance of EMA Test BCE losses: [0.012357327998625434, 0.0009798843664188712, 0.00011134367250413687]
"
