Sample_size,Beta,BCE_Train,BCE_Test,0-1_Train,0-1_Test,EMA_BCE_Train,EMA_BCE_Test,EMA_0-1_Train,EMA_0-1_Test
1000,0.0,0.6520000100135803,0.6449999809265137,0.6520000100135803,0.6449999809265137,0.5004001289308071,0.49949499893188476,0.5004000001847744,0.49949499893188476
1000,128,0.1809999942779541,0.17499999701976776,0.1809999942779541,0.17499999701976776,0.1827117844530684,0.17553257311809345,0.18272309828706118,0.175543712209795
1000,1000,0.07220397144556046,0.14143884181976318,0.07199999690055847,0.14499999582767487,0.07177375407892118,0.1323419061064263,0.07191271312949482,0.13258664787830515

Summary:,"The LMC has been run with the following parameters:
  - Device: cpu
  - Loss function: SAVAGE
  - l_max: 4.0
  - Network architecture: FCN2L
  - Number of hidden layers: 2
  - Width of hidden layers: 500
  - Dataset type: cifar100
  - Dataset name: CIFAR-100
  - Selected classes/groups: [29, 68]
  - Random labels: 0
  - Training set size: 1000
  - Test set size: 200
  - Minimum epochs: 2000
  - Number of Batches: 1
  - Beta values: [0.0, 128, 1000]
  - Learning rate (a0): 0.01
  - Learning rate decay (b): 0.5
  - Gaussian prior sigma: 5.0
 -  alpha_average: 0.01
 -  alpha_stop: 0.00025
 -  eta: 36
 -  eps: -1e-07
 -  Seed: 42
 -  Gradient norm: [14.028558292238337, 0.9160870120777103, 0.5082117468929712]
 -  Number of epochs per beta: [1000, 15854, 14859]
 -  Variance of EMA Train BCE losses: [0.004790051716640931, 0.00019858865552348226, 4.0637368180078924e-05]
 -  Variance of EMA Test BCE losses: [0.005031969970273553, 0.0004156184553922651, 0.0003065908211398946]
"
