Sample_size,Beta,BCE_Train,BCE_Test,0-1_Train,0-1_Test,EMA_BCE_Train,EMA_BCE_Test,EMA_0-1_Train,EMA_0-1_Test
1000,0.0,0.5519999861717224,0.47999998927116394,0.5519999861717224,0.47999998927116394,0.5002954776883125,0.5002591306269168,0.5002960003912449,0.5002599996328354
1000,128,0.27399998903274536,0.3050000071525574,0.27399998903274536,0.3050000071525574,0.30983461329463985,0.3298766040149732,0.30985243353878905,0.3298989592822217

Summary:,"The LMC has been run with the following parameters:
  - Device: cpu
  - Loss function: SAVAGE
  - l_max: 4.0
  - Network architecture: FCN2L
  - Number of hidden layers: 2
  - Width of hidden layers: 500
  - Dataset type: cifar100
  - Dataset name: CIFAR-100
  - Selected classes/groups: [46, 89]
  - Random labels: 0
  - Training set size: 1000
  - Test set size: 200
  - Minimum epochs: 2000
  - Number of Batches: 1
  - Beta values: [0.0, 128]
  - Learning rate (a0): 0.01
  - Learning rate decay (b): 0.5
  - Gaussian prior sigma: 5.0
 -  alpha_average: 0.01
 -  alpha_stop: 0.00025
 -  eta: 36
 -  eps: -1e-07
 -  Seed: 42
 -  Gradient norm: [36.04078043899484, 1.0322016853000062]
 -  Number of epochs per beta: [1000, 14895]
 -  Variance of EMA Train BCE losses: [0.0025949259203890684, 0.0006253282491609086]
 -  Variance of EMA Test BCE losses: [0.0035349682988287112, 0.0011691465143649354]
"
