Sample_size,Beta,BCE_Train,BCE_Test,0-1_Train,0-1_Test,EMA_BCE_Train,EMA_BCE_Test,EMA_0-1_Train,EMA_0-1_Test
1000,0.0,0.5590000152587891,0.625,0.5590000152587891,0.625,0.4992460285723209,0.49809999787807463,0.49924599906802175,0.4980999985337257
1000,128,0.27300000190734863,0.3199999928474426,0.27300000190734863,0.3199999928474426,0.29271587804305316,0.3305772203032747,0.2927331920177712,0.3305995626944141
1000,1000,0.1439855396747589,0.2251880019903183,0.14399999380111694,0.22499999403953552,0.14488258225679035,0.206469253299849,0.145133881855685,0.20680674509898977

Summary:,"The LMC has been run with the following parameters:
  - Device: cpu
  - Loss function: SAVAGE
  - l_max: 4.0
  - Network architecture: FCN2L
  - Number of hidden layers: 2
  - Width of hidden layers: 500
  - Dataset type: cifar100
  - Dataset name: CIFAR-100
  - Selected classes/groups: [78, 90]
  - Random labels: 0
  - Training set size: 1000
  - Test set size: 200
  - Minimum epochs: 2000
  - Number of Batches: 1
  - Beta values: [0.0, 128, 1000]
  - Learning rate (a0): 0.01
  - Learning rate decay (b): 0.5
  - Gaussian prior sigma: 5.0
 -  alpha_average: 0.01
 -  alpha_stop: 0.00025
 -  eta: 36
 -  eps: -1e-07
 -  Seed: 42
 -  Gradient norm: [3.0378660580552914, 1.012894145159808, 0.7420771046070949]
 -  Number of epochs per beta: [1000, 15528, 14468]
 -  Variance of EMA Train BCE losses: [0.002873370701319461, 0.0002920515726444195, 7.025224222761278e-05]
 -  Variance of EMA Test BCE losses: [0.0035680398108702827, 0.0010009460717694124, 0.0005424617907220861]
"
