Sample_size,Beta,BCE_Train,BCE_Test,0-1_Train,0-1_Test,EMA_BCE_Train,EMA_BCE_Test,EMA_0-1_Train,EMA_0-1_Test
1000,0.0,0.5669999718666077,0.6299999952316284,0.5669999718666077,0.6299999952316284,0.49615710496902465,0.49468057915568353,0.49615700033307075,0.4946799991726875
1000,128,0.19099999964237213,0.1850000023841858,0.19099999964237213,0.1850000023841858,0.21291812454474993,0.23621915941574892,0.21293767576338443,0.23623522181538725

Summary:,"The LMC has been run with the following parameters:
  - Device: cpu
  - Loss function: SAVAGE
  - l_max: 4.0
  - Network architecture: FCN2L
  - Number of hidden layers: 2
  - Width of hidden layers: 500
  - Dataset type: cifar100
  - Dataset name: CIFAR-100
  - Selected classes/groups: [3, 62]
  - Random labels: 0
  - Training set size: 1000
  - Test set size: 200
  - Minimum epochs: 2000
  - Number of Batches: 1
  - Beta values: [0.0, 128]
  - Learning rate (a0): 0.01
  - Learning rate decay (b): 0.5
  - Gaussian prior sigma: 5.0
 -  alpha_average: 0.01
 -  alpha_stop: 0.00025
 -  eta: 36
 -  eps: -1e-07
 -  Seed: 42
 -  Gradient norm: [11.587479710872108, 0.926776805085066]
 -  Number of epochs per beta: [1000, 12435]
 -  Variance of EMA Train BCE losses: [0.005070732730112493, 0.0003069561613053898]
 -  Variance of EMA Test BCE losses: [0.005624013389175397, 0.0006638184782759501]
"
