Sample_size,Beta,BCE_Train,BCE_Test,0-1_Train,0-1_Test,EMA_BCE_Train,EMA_BCE_Test,EMA_0-1_Train,EMA_0-1_Test
1000,0.0,0.40299999713897705,0.38499999046325684,0.40299999713897705,0.38499999046325684,0.5014036230444908,0.5012196437865496,0.5014049995243549,0.5012199997454881
1000,128,0.24098025262355804,0.26499998569488525,0.2409999966621399,0.26499998569488525,0.2552301252061082,0.24350809205445176,0.2552497306974923,0.24352584584511977
1000,1000,0.15783683955669403,0.21886909008026123,0.15800000727176666,0.2199999988079071,0.15258965236296215,0.2179935913479439,0.15297802216983505,0.2186529995081592

Summary:,"The LMC has been run with the following parameters:
  - Device: cpu
  - Loss function: SAVAGE
  - l_max: 4.0
  - Network architecture: FCN2L
  - Number of hidden layers: 2
  - Width of hidden layers: 500
  - Dataset type: cifar100
  - Dataset name: CIFAR-100
  - Selected classes/groups: [33, 38]
  - Random labels: 0
  - Training set size: 1000
  - Test set size: 200
  - Minimum epochs: 2000
  - Number of Batches: 1
  - Beta values: [0.0, 128, 1000]
  - Learning rate (a0): 0.01
  - Learning rate decay (b): 0.5
  - Gaussian prior sigma: 5.0
 -  alpha_average: 0.01
 -  alpha_stop: 0.00025
 -  eta: 36
 -  eps: -1e-07
 -  Seed: 42
 -  Gradient norm: [52.96520633791601, 0.8482692377925523, 0.7311544063640404]
 -  Number of epochs per beta: [1000, 13038, 11830]
 -  Variance of EMA Train BCE losses: [0.004278767643951853, 0.0001227189801002171, 7.109971803459514e-05]
 -  Variance of EMA Test BCE losses: [0.0053484973648046386, 0.0003760098332011644, 0.0005846806175396346]
"
