Sample_size,Beta,BCE_Train,BCE_Test,0-1_Train,0-1_Test,EMA_BCE_Train,EMA_BCE_Test,EMA_0-1_Train,EMA_0-1_Test
1000,0.0,0.5130000114440918,0.45500001311302185,0.5130000114440918,0.45500001311302185,0.5007132560312748,0.5009041136205197,0.5007139997482299,0.5009049982726574
1000,128,0.22200000286102295,0.17499999701976776,0.22200000286102295,0.17499999701976776,0.24891644890601552,0.22438149729150342,0.24893170061136677,0.22439839817053975
1000,1000,0.12099122256040573,0.1550000011920929,0.12099999934434891,0.1550000011920929,0.11521259249561168,0.15675856206542163,0.11539658664857459,0.1569829333223058

Summary:,"The LMC has been run with the following parameters:
  - Device: cpu
  - Loss function: SAVAGE
  - l_max: 4.0
  - Network architecture: FCN2L
  - Number of hidden layers: 2
  - Width of hidden layers: 500
  - Dataset type: cifar100
  - Dataset name: CIFAR-100
  - Selected classes/groups: [82, 89]
  - Random labels: 0
  - Training set size: 1000
  - Test set size: 200
  - Minimum epochs: 2000
  - Number of Batches: 1
  - Beta values: [0.0, 128, 1000]
  - Learning rate (a0): 0.01
  - Learning rate decay (b): 0.5
  - Gaussian prior sigma: 5.0
 -  alpha_average: 0.01
 -  alpha_stop: 0.00025
 -  eta: 36
 -  eps: -1e-07
 -  Seed: 42
 -  Gradient norm: [42.791832479476504, 0.9746278208446483, 0.7033737213936795]
 -  Number of epochs per beta: [1000, 14744, 15878]
 -  Variance of EMA Train BCE losses: [0.0029139489921307105, 0.00024122120711224382, 6.396565446704222e-05]
 -  Variance of EMA Test BCE losses: [0.0043415050008895895, 0.0005677539223320621, 0.0003728165487516741]
"
