Sample_size,Beta,BCE_Train,BCE_Test,0-1_Train,0-1_Test,EMA_BCE_Train,EMA_BCE_Test,EMA_0-1_Train,EMA_0-1_Test
1000,0.0,0.5419999957084656,0.6100000143051147,0.5419999957084656,0.6100000143051147,0.5011606168150902,0.5016499427855015,0.5011609996557236,0.5016499989330768
1000,128,0.210999995470047,0.23000000417232513,0.210999995470047,0.23000000417232513,0.22102261267834594,0.22899838793111515,0.22104208958494742,0.22901445881037608
1000,250,0.20000000298023224,0.23499999940395355,0.20000000298023224,0.23499999940395355,0.19851040080193266,0.2148234782338209,0.19854775738509103,0.21486975066141237
1000,500,0.16099999845027924,0.20000001788139343,0.16099999845027924,0.20000000298023224,0.16575885198067447,0.1999126780722429,0.16583445151122658,0.20000147295062312
1000,1000,0.1290661245584488,0.1850000023841858,0.1289999932050705,0.1850000023841858,0.13239625690826842,0.17609787270339253,0.13255737850550472,0.1763032940219929

Summary:,"The LMC has been run with the following parameters:
  - Device: cpu
  - Loss function: SAVAGE
  - l_max: 4.0
  - Network architecture: FCN2L
  - Number of hidden layers: 2
  - Width of hidden layers: 500
  - Dataset type: cifar100
  - Dataset name: CIFAR-100
  - Selected classes/groups: [0, 1]
  - Random labels: 0
  - Training set size: 1000
  - Test set size: 200
  - Minimum epochs: 2000
  - Number of Batches: 1
  - Beta values: [0.0, 128, 250, 500, 1000]
  - Learning rate (a0): 0.01
  - Learning rate decay (b): 0.5
  - Gaussian prior sigma: 5.0
 -  alpha_average: 0.01
 -  alpha_stop: 0.00025
 -  eta: 36
 -  eps: -1e-07
 -  Seed: 42
 -  Gradient norm: [30.42317919539567, 0.918062087949407, 0.6848423804591911, 0.6108860991521214, 0.6528647719759505]
 -  Number of epochs per beta: [1000, 11618, 12553, 13567, 15668]
 -  Variance of EMA Train BCE losses: [0.007110544457698098, 0.00029076691281017253, 0.000304166499429534, 4.991326482221489e-05, 5.5358263333769864e-05]
 -  Variance of EMA Test BCE losses: [0.009713903996860396, 0.000513782932475261, 0.00024771354169336735, 0.000219888012053443, 0.00037752132640890557]
"
