Sample_size,Beta,BCE_Train,BCE_Test,0-1_Train,0-1_Test,EMA_BCE_Train,EMA_BCE_Test,EMA_0-1_Train,EMA_0-1_Test
1000,0.0,0.5109999775886536,0.5699999928474426,0.5109999775886536,0.5699999928474426,0.5021043655872345,0.4993549972474575,0.5021050000190734,0.49935499861836435
1000,128,0.23800000548362732,0.26405638456344604,0.23800000548362732,0.26499998569488525,0.23301825272425297,0.23614242279117806,0.233033768378429,0.23616065127078004
1000,1000,0.12252842634916306,0.14960095286369324,0.12300000339746475,0.15000000596046448,0.12414092700219888,0.16750357557357973,0.12433852301449469,0.16768825010781396

Summary:,"The LMC has been run with the following parameters:
  - Device: cpu
  - Loss function: SAVAGE
  - l_max: 4.0
  - Network architecture: FCN2L
  - Number of hidden layers: 2
  - Width of hidden layers: 500
  - Dataset type: cifar100
  - Dataset name: CIFAR-100
  - Selected classes/groups: [48, 67]
  - Random labels: 0
  - Training set size: 1000
  - Test set size: 200
  - Minimum epochs: 2000
  - Number of Batches: 1
  - Beta values: [0.0, 128, 1000]
  - Learning rate (a0): 0.01
  - Learning rate decay (b): 0.5
  - Gaussian prior sigma: 5.0
 -  alpha_average: 0.01
 -  alpha_stop: 0.00025
 -  eta: 36
 -  eps: -1e-07
 -  Seed: 42
 -  Gradient norm: [56.03092429361293, 0.864800079792252, 0.6543945648720553]
 -  Number of epochs per beta: [1000, 12941, 15352]
 -  Variance of EMA Train BCE losses: [0.0034724313234498205, 0.000215718324873021, 3.6413540492880384e-05]
 -  Variance of EMA Test BCE losses: [0.00499940878730859, 0.0008878939725484175, 0.00025706199624776077]
"
