Sample_size,Beta,BCE_Train,BCE_Test,0-1_Train,0-1_Test,EMA_BCE_Train,EMA_BCE_Test,EMA_0-1_Train,EMA_0-1_Test
1000,0.0,0.5070000290870667,0.5649999976158142,0.5070000290870667,0.5649999976158142,0.5003220021426678,0.4997685804963112,0.500321999758482,0.49976999962329866
1000,128,0.3919999897480011,0.36500000953674316,0.3919999897480011,0.36500000953674316,0.38276097736990605,0.39092433965006373,0.3827740177578888,0.3909370596697527

Summary:,"The LMC has been run with the following parameters:
  - Device: cpu
  - Loss function: SAVAGE
  - l_max: 4.0
  - Network architecture: FCN2L
  - Number of hidden layers: 2
  - Width of hidden layers: 500
  - Dataset type: cifar100
  - Dataset name: CIFAR-100
  - Selected classes/groups: [42, 44]
  - Random labels: 0
  - Training set size: 1000
  - Test set size: 200
  - Minimum epochs: 2000
  - Number of Batches: 1
  - Beta values: [0.0, 128]
  - Learning rate (a0): 0.01
  - Learning rate decay (b): 0.5
  - Gaussian prior sigma: 5.0
 -  alpha_average: 0.01
 -  alpha_stop: 0.00025
 -  eta: 36
 -  eps: -1e-07
 -  Seed: 42
 -  Gradient norm: [0.004765637415542801, 0.8471477275765033]
 -  Number of epochs per beta: [1000, 15634]
 -  Variance of EMA Train BCE losses: [0.001238366329524787, 5.956978150742365e-05]
 -  Variance of EMA Test BCE losses: [0.0025771497596119575, 0.00037909712684211505]
"
