Sample_size,Beta,BCE_Train,BCE_Test,0-1_Train,0-1_Test,EMA_BCE_Train,EMA_BCE_Test,EMA_0-1_Train,EMA_0-1_Test
1000,0.0,0.5600000023841858,0.5049999952316284,0.5600000023841858,0.5049999952316284,0.4999199717640877,0.5003299988806248,0.4999200005531311,0.5003299988806248
1000,128,0.3370000123977661,0.3400000035762787,0.3370000123977661,0.3400000035762787,0.367018143342064,0.35205759862811237,0.3670381184546393,0.3520818876831472
1000,1000,0.16799725592136383,0.26999998092651367,0.1679999977350235,0.27000001072883606,0.1634781916259143,0.27837838381377267,0.16378440156897353,0.2787738203022107

Summary:,"The LMC has been run with the following parameters:
  - Device: cpu
  - Loss function: SAVAGE
  - l_max: 4.0
  - Network architecture: FCN2L
  - Number of hidden layers: 2
  - Width of hidden layers: 500
  - Dataset type: cifar100
  - Dataset name: CIFAR-100
  - Selected classes/groups: [40, 72]
  - Random labels: 0
  - Training set size: 1000
  - Test set size: 200
  - Minimum epochs: 2000
  - Number of Batches: 1
  - Beta values: [0.0, 128, 1000]
  - Learning rate (a0): 0.01
  - Learning rate decay (b): 0.5
  - Gaussian prior sigma: 5.0
 -  alpha_average: 0.01
 -  alpha_stop: 0.00025
 -  eta: 36
 -  eps: -1e-07
 -  Seed: 42
 -  Gradient norm: [0.23907347563164033, 1.1049967961118703, 0.9837375336525934]
 -  Number of epochs per beta: [1000, 14691, 14745]
 -  Variance of EMA Train BCE losses: [0.0014048888385523595, 0.0004615675336261116, 7.552053292363137e-05]
 -  Variance of EMA Test BCE losses: [0.0018353910580620192, 0.0006034978384926726, 0.00036756169190359234]
"
