Sample_size,Beta,BCE_Train,BCE_Test,0-1_Train,0-1_Test,EMA_BCE_Train,EMA_BCE_Test,EMA_0-1_Train,EMA_0-1_Test
1000,0.0,0.46799999475479126,0.5,0.46799999475479126,0.5,0.5005443014502525,0.49910499376058576,0.5005439991056919,0.4991049984097481
1000,128,0.3720000088214874,0.3100000023841858,0.3720000088214874,0.3100000023841858,0.3409915903715939,0.3493475733537575,0.3410110728014712,0.3493653984156447
1000,1000,0.1479627937078476,0.25624772906303406,0.14800000190734863,0.2549999952316284,0.1403652380115147,0.28332978182288177,0.14063000452956745,0.28373813325448777

Summary:,"The LMC has been run with the following parameters:
  - Device: cpu
  - Loss function: SAVAGE
  - l_max: 4.0
  - Network architecture: FCN2L
  - Number of hidden layers: 2
  - Width of hidden layers: 500
  - Dataset type: cifar100
  - Dataset name: CIFAR-100
  - Selected classes/groups: [19, 98]
  - Random labels: 0
  - Training set size: 1000
  - Test set size: 200
  - Minimum epochs: 2000
  - Number of Batches: 1
  - Beta values: [0.0, 128, 1000]
  - Learning rate (a0): 0.01
  - Learning rate decay (b): 0.5
  - Gaussian prior sigma: 5.0
 -  alpha_average: 0.01
 -  alpha_stop: 0.00025
 -  eta: 36
 -  eps: -1e-07
 -  Seed: 42
 -  Gradient norm: [15.37291647500174, 1.056564321831436, 0.8303820494138815]
 -  Number of epochs per beta: [1000, 14450, 14538]
 -  Variance of EMA Train BCE losses: [0.001383619970456107, 0.000376965554872849, 3.801025696288651e-05]
 -  Variance of EMA Test BCE losses: [0.0018182738726342518, 0.0006047863103358503, 0.00025807383311715615]
"
