Sample_size,Beta,BCE_Train,BCE_Test,0-1_Train,0-1_Test,EMA_BCE_Train,EMA_BCE_Test,EMA_0-1_Train,EMA_0-1_Test
1000,0.0,0.3869999945163727,0.4099999964237213,0.3869999945163727,0.4099999964237213,0.5022482243180275,0.5038199994117022,0.5022479996979237,0.5038199994117022
1000,128,0.1850000023841858,0.19499999284744263,0.1850000023841858,0.19499999284744263,0.17360435333827326,0.19358563939753298,0.17361635495235403,0.19360205967838867

Summary:,"The LMC has been run with the following parameters:
  - Device: cpu
  - Loss function: SAVAGE
  - l_max: 4.0
  - Network architecture: FCN2L
  - Number of hidden layers: 2
  - Width of hidden layers: 500
  - Dataset type: cifar100
  - Dataset name: CIFAR-100
  - Selected classes/groups: [17, 39]
  - Random labels: 0
  - Training set size: 1000
  - Test set size: 200
  - Minimum epochs: 2000
  - Number of Batches: 1
  - Beta values: [0.0, 128]
  - Learning rate (a0): 0.01
  - Learning rate decay (b): 0.5
  - Gaussian prior sigma: 5.0
 -  alpha_average: 0.01
 -  alpha_stop: 0.00025
 -  eta: 36
 -  eps: -1e-07
 -  Seed: 42
 -  Gradient norm: [8.567425266938574, 0.8593436492307194]
 -  Number of epochs per beta: [1000, 14271]
 -  Variance of EMA Train BCE losses: [0.005865287626692417, 0.0003124186184326645]
 -  Variance of EMA Test BCE losses: [0.006428407612481757, 0.0006755060182901257]
"
