Sample_size,Beta,BCE_Train,BCE_Test,0-1_Train,0-1_Test,EMA_BCE_Train,EMA_BCE_Test,EMA_0-1_Train,EMA_0-1_Test
1000,0.0,0.5910000205039978,0.5600000023841858,0.5910000205039978,0.5600000023841858,0.49954877331852915,0.49969487330317497,0.49954899969697,0.49969499903917314
1000,128,0.3109999895095825,0.3050000071525574,0.3109999895095825,0.3050000071525574,0.31381826052521666,0.34050596582484893,0.31383699779382784,0.3405244469122885
1000,1000,0.13399985432624817,0.21999992430210114,0.1340000033378601,0.2199999988079071,0.13858728055906205,0.18136618802982735,0.1387901403962542,0.18163549635398177

Summary:,"The LMC has been run with the following parameters:
  - Device: cpu
  - Loss function: SAVAGE
  - l_max: 4.0
  - Network architecture: FCN2L
  - Number of hidden layers: 2
  - Width of hidden layers: 500
  - Dataset type: cifar100
  - Dataset name: CIFAR-100
  - Selected classes/groups: [32, 47]
  - Random labels: 0
  - Training set size: 1000
  - Test set size: 200
  - Minimum epochs: 2000
  - Number of Batches: 1
  - Beta values: [0.0, 128, 1000]
  - Learning rate (a0): 0.01
  - Learning rate decay (b): 0.5
  - Gaussian prior sigma: 5.0
 -  alpha_average: 0.01
 -  alpha_stop: 0.00025
 -  eta: 36
 -  eps: -1e-07
 -  Seed: 42
 -  Gradient norm: [5.6459217621448206, 1.1165895835200934, 0.7726974032809792]
 -  Number of epochs per beta: [1000, 16055, 15720]
 -  Variance of EMA Train BCE losses: [0.0027744547802745767, 0.00028358649939541625, 4.4745070038283014e-05]
 -  Variance of EMA Test BCE losses: [0.002899135672758041, 0.0014581645439959573, 0.000393128199484033]
"
