Sample_size,Beta,BCE_Train,BCE_Test,0-1_Train,0-1_Test,EMA_BCE_Train,EMA_BCE_Test,EMA_0-1_Train,EMA_0-1_Test
1000,0.0,0.4959999918937683,0.46000000834465027,0.4959999918937683,0.46000000834465027,0.4990110309123993,0.49932008054852484,0.4990120007097721,0.49931999880075456
1000,128,0.26600000262260437,0.30000001192092896,0.26600000262260437,0.30000001192092896,0.27416948980952294,0.3161287577460505,0.2741832688023576,0.3161434915404667
1000,1000,0.15506213903427124,0.23706965148448944,0.1550000011920929,0.23999999463558197,0.1559237708237056,0.2577732891660771,0.15611380310066147,0.258024597341251

Summary:,"The LMC has been run with the following parameters:
  - Device: cpu
  - Loss function: SAVAGE
  - l_max: 4.0
  - Network architecture: FCN2L
  - Number of hidden layers: 2
  - Width of hidden layers: 500
  - Dataset type: cifar100
  - Dataset name: CIFAR-100
  - Selected classes/groups: [5, 64]
  - Random labels: 0
  - Training set size: 1000
  - Test set size: 200
  - Minimum epochs: 2000
  - Number of Batches: 1
  - Beta values: [0.0, 128, 1000]
  - Learning rate (a0): 0.01
  - Learning rate decay (b): 0.5
  - Gaussian prior sigma: 5.0
 -  alpha_average: 0.01
 -  alpha_stop: 0.00025
 -  eta: 36
 -  eps: -1e-07
 -  Seed: 42
 -  Gradient norm: [58.93348569284369, 0.9195812157689843, 0.6395586023549402]
 -  Number of epochs per beta: [1000, 14858, 16098]
 -  Variance of EMA Train BCE losses: [0.004822112378324334, 0.00017486513026369888, 0.00010361513023575061]
 -  Variance of EMA Test BCE losses: [0.004485965611459947, 0.00030602169739597784, 0.0003802375216151871]
"
