Sample_size,Beta,BCE_Train,BCE_Test,0-1_Train,0-1_Test,EMA_BCE_Train,EMA_BCE_Test,EMA_0-1_Train,EMA_0-1_Test
1000,0.0,0.5019999742507935,0.5550000071525574,0.5019999742507935,0.5550000071525574,0.4992233916223049,0.4995440492928028,0.4992239995896816,0.49954499906301497
1000,128,0.41600000858306885,0.41499999165534973,0.41600000858306885,0.41499999165534973,0.4079705100196906,0.42329581488442675,0.4079934245750919,0.42331880253973947
1000,1000,0.2687201201915741,0.375,0.26899999380111694,0.375,0.2684311323276121,0.36693536561437584,0.26874496825695504,0.3673437938681521

Summary:,"The LMC has been run with the following parameters:
  - Device: cpu
  - Loss function: SAVAGE
  - l_max: 4.0
  - Network architecture: FCN2L
  - Number of hidden layers: 2
  - Width of hidden layers: 500
  - Dataset type: cifar100
  - Dataset name: CIFAR-100
  - Selected classes/groups: [35, 46]
  - Random labels: 0
  - Training set size: 1000
  - Test set size: 200
  - Minimum epochs: 2000
  - Number of Batches: 1
  - Beta values: [0.0, 128, 1000]
  - Learning rate (a0): 0.01
  - Learning rate decay (b): 0.5
  - Gaussian prior sigma: 5.0
 -  alpha_average: 0.01
 -  alpha_stop: 0.00025
 -  eta: 36
 -  eps: -1e-07
 -  Seed: 42
 -  Gradient norm: [65.58952700628122, 1.1414934114111628, 0.964658115357775]
 -  Number of epochs per beta: [1000, 13535, 14308]
 -  Variance of EMA Train BCE losses: [0.0007212608490716754, 0.0003530949518900095, 0.0001318120258715083]
 -  Variance of EMA Test BCE losses: [0.001648687323914183, 0.0005862084995761629, 0.000538914672927604]
"
