Sample_size,Beta,BCE_Train,BCE_Test,0-1_Train,0-1_Test,EMA_BCE_Train,EMA_BCE_Test,EMA_0-1_Train,EMA_0-1_Test
1000,0.0,0.5839999914169312,0.5899999737739563,0.5839999914169312,0.5899999737739563,0.4985092763006687,0.4993749901652336,0.4985100000202656,0.4993749994933605
1000,128,0.24799999594688416,0.2750000059604645,0.24799999594688416,0.2750000059604645,0.27394116025836573,0.299946022188904,0.27396480102921233,0.2999666574482396
1000,1000,0.1259753257036209,0.16500000655651093,0.12600000202655792,0.16500000655651093,0.1349308323787974,0.21479613316314114,0.1351592298072,0.21509703789352272

Summary:,"The LMC has been run with the following parameters:
  - Device: cpu
  - Loss function: SAVAGE
  - l_max: 4.0
  - Network architecture: FCN2L
  - Number of hidden layers: 2
  - Width of hidden layers: 500
  - Dataset type: cifar100
  - Dataset name: CIFAR-100
  - Selected classes/groups: [13, 51]
  - Random labels: 0
  - Training set size: 1000
  - Test set size: 200
  - Minimum epochs: 2000
  - Number of Batches: 1
  - Beta values: [0.0, 128, 1000]
  - Learning rate (a0): 0.01
  - Learning rate decay (b): 0.5
  - Gaussian prior sigma: 5.0
 -  alpha_average: 0.01
 -  alpha_stop: 0.00025
 -  eta: 36
 -  eps: -1e-07
 -  Seed: 42
 -  Gradient norm: [17.02592788729784, 0.9802953545087458, 0.7151569600309002]
 -  Number of epochs per beta: [1000, 11847, 14118]
 -  Variance of EMA Train BCE losses: [0.0032391000654832247, 0.00037341953411769435, 2.4265907980478008e-05]
 -  Variance of EMA Test BCE losses: [0.004252284758830882, 0.0005300444212814337, 0.0005153456204967863]
"
