Sample_size,Beta,BCE_Train,BCE_Test,0-1_Train,0-1_Test,EMA_BCE_Train,EMA_BCE_Test,EMA_0-1_Train,EMA_0-1_Test
1000,0.0,0.4690000116825104,0.4749999940395355,0.4690000116825104,0.4749999940395355,0.5007683584988117,0.5009899960160256,0.5007679995298385,0.5009899989664555
1000,128,0.4449964761734009,0.45500001311302185,0.4449999928474426,0.45500001311302185,0.43381593765667725,0.4502678131806398,0.433845076813426,0.45029545981016006
1000,250,0.3749999403953552,0.38999998569488525,0.375,0.38999998569488525,0.3661938448200445,0.42863291364149253,0.36624910439386116,0.42869770634531346
1000,500,0.27999529242515564,0.33500000834465027,0.2800000011920929,0.33500000834465027,0.28360733675756156,0.37453847057686696,0.2837808141924031,0.3747248587701629
1000,1000,0.2389177829027176,0.34996727108955383,0.23899999260902405,0.3499999940395355,0.22322460295407023,0.31080337957428894,0.2235753218489152,0.31121575435582305

Summary:,"The LMC has been run with the following parameters:
  - Device: cpu
  - Loss function: SAVAGE
  - l_max: 4.0
  - Network architecture: FCN2L
  - Number of hidden layers: 2
  - Width of hidden layers: 500
  - Dataset type: cifar100
  - Dataset name: CIFAR-100
  - Selected classes/groups: [2, 50]
  - Random labels: 0
  - Training set size: 1000
  - Test set size: 200
  - Minimum epochs: 2000
  - Number of Batches: 1
  - Beta values: [0.0, 128, 250, 500, 1000]
  - Learning rate (a0): 0.01
  - Learning rate decay (b): 0.5
  - Gaussian prior sigma: 5.0
 -  alpha_average: 0.01
 -  alpha_stop: 0.00025
 -  eta: 36
 -  eps: -1e-07
 -  Seed: 42
 -  Gradient norm: [24.088940430752825, 1.1684582532005396, 0.8830317883166582, 1.1116656747732812, 0.9708123414668599]
 -  Number of epochs per beta: [1000, 12929, 13123, 12957, 14053]
 -  Variance of EMA Train BCE losses: [0.0006106322503469097, 0.0014294423537525025, 0.00019645191873909895, 8.226580691148011e-05, 7.22871834605357e-05]
 -  Variance of EMA Test BCE losses: [0.0010771699650697908, 0.0007548210640252739, 0.00039549833715640803, 0.0003220528530594735, 0.0002910176792073199]
"
