Sample_size,Beta,BCE_Train,BCE_Test,0-1_Train,0-1_Test,EMA_BCE_Train,EMA_BCE_Test,EMA_0-1_Train,EMA_0-1_Test
1000,0.0,0.5350000262260437,0.550000011920929,0.5350000262260437,0.550000011920929,0.4994049099087715,0.4997049989402294,0.49940499979257585,0.4997049989402294
1000,128,0.3199999928474426,0.3199999928474426,0.3199999928474426,0.3199999928474426,0.2945732377770592,0.28224707864980286,0.29459700024027324,0.2822711244243822
1000,1000,0.13059090077877045,0.23999999463558197,0.13099999725818634,0.23999999463558197,0.12663050937108863,0.20792028582547495,0.12685652347573315,0.2081920814144837

Summary:,"The LMC has been run with the following parameters:
  - Device: cpu
  - Loss function: SAVAGE
  - l_max: 4.0
  - Network architecture: FCN2L
  - Number of hidden layers: 2
  - Width of hidden layers: 500
  - Dataset type: cifar100
  - Dataset name: CIFAR-100
  - Selected classes/groups: [9, 91]
  - Random labels: 0
  - Training set size: 1000
  - Test set size: 200
  - Minimum epochs: 2000
  - Number of Batches: 1
  - Beta values: [0.0, 128, 1000]
  - Learning rate (a0): 0.01
  - Learning rate decay (b): 0.5
  - Gaussian prior sigma: 5.0
 -  alpha_average: 0.01
 -  alpha_stop: 0.00025
 -  eta: 36
 -  eps: -1e-07
 -  Seed: 42
 -  Gradient norm: [0.6492696936692084, 1.070013443975798, 0.7440927251091102]
 -  Number of epochs per beta: [1000, 12201, 14525]
 -  Variance of EMA Train BCE losses: [0.002984699249813233, 0.0002914656537257171, 4.7521692362030576e-05]
 -  Variance of EMA Test BCE losses: [0.0031856379646474364, 0.0005718423225114233, 0.000293360273258568]
"
