Sample_size,Beta,BCE_Train,BCE_Test,0-1_Train,0-1_Test,EMA_BCE_Train,EMA_BCE_Test,EMA_0-1_Train,EMA_0-1_Test
2000,0.0,0.17081977427005768,0.17054037749767303,0.5,0.5059999823570251,0.9958540988713502,0.9958527018874883,0.9974999999999999,0.9975299999117851
2000,250,0.4374998211860657,0.49450090527534485,0.4375,0.4945000112056732,0.43037523249606435,0.497866813974895,0.43044367920597015,0.4979336639251045
2000,500,0.3815482556819916,0.5067189931869507,0.38199999928474426,0.5070000290870667,0.35819551142005285,0.5072577709987891,0.35838558301399615,0.5074845433369788
2000,1000,0.2864333689212799,0.503629207611084,0.2874999940395355,0.5044999718666077,0.24632612400425935,0.5052039255264283,0.2468304602915524,0.5057774837111998
2000,2000,0.22758349776268005,0.5087713599205017,0.23199999332427979,0.5095000267028809,0.09025479584619486,0.5073832639178647,0.09158730779651755,0.509329920376402
2000,4000,0.1464504897594452,0.49414369463920593,0.15199999511241913,0.5005000233650208,0.01626131782276575,0.49309233536453245,0.018233749226038085,0.4984448563819031

Summary:,"The LMC has been run with the following parameters:
  - Dataset type: mnist
  - Random labels: True
  - Beta values: [0.0, 250, 500, 1000, 2000, 4000]
  - Repetitions: 1
  - Learning rate (a0): 0.5
  - Learning rate decay (b): 0.5
  - Gaussian prior sigma: 1000
 -  alpha: 0.00025
 -  eta: 0.1
 -  eps: 1e-07
"
