Sample_size,Beta,BCE_Train,BCE_Test,0-1_Train,0-1_Test,EMA_BCE_Train,EMA_BCE_Test,EMA_0-1_Train,EMA_0-1_Test
1,0.0,0.17081977427005768,0.17054037749767303,0.5,0.5059999823570251,0.9958540988713502,0.9958527018874883,0.9974999999999999,0.9975299999117851
1,250,0.4231049418449402,0.5048960447311401,0.42399999499320984,0.5055000185966492,0.41498999674955783,0.503551779127197,0.4157950497626764,0.5044450934610388
1,500,0.3225632905960083,0.5075880289077759,0.32499998807907104,0.5084999799728394,0.31705759482663326,0.5026263360124477,0.3191625325987213,0.5044271801999985
1,1000,0.2030453234910965,0.4758000373840332,0.20900000631809235,0.4830000102519989,0.18645349213628598,0.47362337770963303,0.1926928193817105,0.48037600816689435
1,2000,0.10468567162752151,0.48197048902511597,0.12600000202655792,0.49950000643730164,0.060210607586061005,0.4825739382455697,0.07101175551537688,0.5011012824018957
1,4000,0.09171703457832336,0.491050124168396,0.1354999989271164,0.5289999842643738,0.01925494343291103,0.4858361671359352,0.029987050386273084,0.5274836742858302

Summary:,"The LMC has been run with the following parameters:
  - Dataset type: mnist
  - Random labels: True
  - Beta values: [0.0, 250, 500, 1000, 2000, 4000]
  - Repetitions: 1
  - Learning rate (a0): varies per beta
  - Learning rate decay (b): 0.5
  - Gaussian prior sigma: 1000
 -  alpha: 0.00025
 -  eta: 0.1
 -  eps: 1e-07
"
