Sample_size,Beta,BCE_Train,BCE_Test,0-1_Train,0-1_Test,EMA_BCE_Train,EMA_BCE_Test,EMA_0-1_Train,EMA_0-1_Test
2000,0.0,0.17081977427005768,0.17054037749767303,0.5,0.5059999823570251,0.9958540988713502,0.9958527018874883,0.9974999999999999,0.9975299999117851
2000,250,0.41494524478912354,0.48787039518356323,0.42899999022483826,0.49950000643730164,0.40813472879950363,0.4850541657025957,0.41981939244913,0.4975035857735027
2000,500,0.2990339398384094,0.48567721247673035,0.328000009059906,0.5130000114440918,0.2937663537146971,0.4849828477000524,0.3200425181366369,0.5106482946976632
2000,1000,0.18541231751441956,0.41920006275177,0.2345000058412552,0.4860000014305115,0.1825675030375738,0.42421193197134704,0.23558996521637915,0.4908271658911206
2000,2000,0.07829967886209488,0.4189407229423523,0.11900000274181366,0.4964999854564667,0.07651112499703586,0.42046093933205986,0.11163046044933704,0.5007102810856139
2000,4000,0.024614138528704643,0.4244519770145416,0.035999998450279236,0.5040000081062317,0.023744052742525314,0.423559757576731,0.03590719606721746,0.4971994164915343

Summary:,"The LMC has been run with the following parameters:
  - Dataset type: mnist
  - Random labels: True
  - Beta values: [0.0, 250, 500, 1000, 2000, 4000]
  - Repetitions: 1
  - Learning rate (a0): 0.005
  - Learning rate decay (b): 0.5
  - Gaussian prior sigma: 1000
 -  alpha: 0.00025
 -  eta: 0.1
 -  eps: 1e-07
"
