Sample_size,Beta,BCE_Train,BCE_Test,0-1_Train,0-1_Test,EMA_BCE_Train,EMA_BCE_Test,EMA_0-1_Train,EMA_0-1_Test
2000,0.0,3951.804931640625,3752.6884765625,0.48350000381469727,0.49900001287460327,5170.605870554513,4962.688853610879,0.49922102758919296,0.49420078739024637
2000,1,741.3991088867188,1223.06201171875,0.4154999852180481,0.5195000171661377,687.585606288793,1074.729777342878,0.41705687183757206,0.5017642456177824

Summary:,"The LMC has been run with the following parameters:
  - Dataset type: mnist
  - Random labels: True
  - Beta values: [0.0, 1]
  - Repetitions: 1
  - Learning rate (a0): 0.01
  - Learning rate decay (b): 0.5
  - Gaussian prior sigma: 5
 -  alpha: 0.00025
 -  eta: 0.1
 -  eps: 1e-07
"
