Sample_size,Beta,BCE_Train,BCE_Test,0-1_Train,0-1_Test,EMA_BCE_Train,EMA_BCE_Test,EMA_0-1_Train,EMA_0-1_Test
2000,0.0,0.48350000381469727,0.49897104501724243,0.48350000381469727,0.49900001287460327,0.49914879487761443,0.4941379190215724,0.49922102758919296,0.49420078739024637
2000,125,0.454621821641922,0.5297235250473022,0.4555000066757202,0.531000018119812,0.4551866876588619,0.5287724289169998,0.45674448969640785,0.5307468733601316

Summary:,"The LMC has been run with the following parameters:
  - Dataset type: mnist
  - Random labels: True
  - Beta values: [0.0, 125]
  - Repetitions: 1
  - Learning rate (a0): 0.01
  - Learning rate decay (b): 0.5
  - Gaussian prior sigma: 5
 -  alpha: 0.00025
 -  eta: 0.1
 -  eps: 1e-07
"
