Sample_size,Beta,BCE_Train,BCE_Test,0-1_Train,0-1_Test,EMA_BCE_Train,EMA_BCE_Test,EMA_0-1_Train,EMA_0-1_Test
1,0.0,0.17081977427005768,0.17054037749767303,0.5,0.5059999823570251,0.9958540988713502,0.9958527018874883,0.9974999999999999,0.9975299999117851
1,250,0.4214603900909424,0.5040324330329895,0.421999990940094,0.5040000081062317,0.41498253261998624,0.5015786212328334,0.41531068587166686,0.501995864639619
1,500,0.3474324941635132,0.5206403136253357,0.3479999899864197,0.5210000276565552,0.3297868614722163,0.5174759084911263,0.3309856399769838,0.5185144752876245
1,1000,0.22213192284107208,0.5018070340156555,0.22550000250339508,0.5055000185966492,0.1884139062929715,0.504650756355773,0.19143153338478633,0.5078150737196933
1,2000,0.1174810603260994,0.4851071834564209,0.1289999932050705,0.4934999942779541,0.06541932100677342,0.48476370573522515,0.0712635260011114,0.4942219215529858
1,4000,0.05939948931336403,0.4984632730484009,0.08049999922513962,0.5189999938011169,0.015009798080869058,0.4980020063716011,0.021292242370158445,0.5190567572202

Summary:,"The LMC has been run with the following parameters:
  - Dataset type: mnist
  - Random labels: True
  - Beta values: [0.0, 250, 500, 1000, 2000, 4000]
  - Repetitions: 1
  - Learning rate (a0): varies per beta
  - Learning rate decay (b): 0.5
  - Gaussian prior sigma: 1000
 -  alpha: 0.00025
 -  eta: 0.1
 -  eps: 1e-07
"
