Sample_size,Beta,BCE_Train,BCE_Test,0-1_Train,0-1_Test,EMA_BCE_Train,EMA_BCE_Test,EMA_0-1_Train,EMA_0-1_Test
2000,0.0,0.49799999594688416,0.4932500123977661,0.49799999594688416,0.4932500123977661,0.5001015399992466,0.500154956549406,0.5001014999747276,0.500155000180006
2000,125,0.49799999594688416,0.4911666711171468,0.49799999594688416,0.4911666711171468,0.4943040525980148,0.4997562910794609,0.4943106152116793,0.49976285547125276

Summary:,"The LMC has been run with the following parameters:
  - Device: cpu
  - Loss function: SAVAGE
  - l_max: 4.0
  - Network architecture: FCN2L
  - Number of hidden layers: 2
  - Width of hidden layers: 1000
  - Dataset type: cifar10
  - Dataset name: CIFAR-10
  - Selected classes/groups: [[0, 1, 8, 9], [2, 3, 4, 5, 6, 7]]
  - Random labels: 1
  - Training set size: 2000
  - Test set size: 9000
  - Minimum epochs: 2000
  - Number of Batches: 1
  - Beta values: [0.0, 125]
  - Learning rate (a0): 0.01
  - Learning rate decay (b): 0.5
  - Gaussian prior sigma: 5.0
 -  alpha_average: 0.01
 -  alpha_stop: 0.00025
 -  eta: 36
 -  eps: -1e-07
 -  Seed: 1
 -  Gradient norm: [15.438566830788078, 1.403890417232877]
 -  Number of epochs per beta: [1000, 16213]
 -  Variance of EMA Train BCE losses: [8.485780620842709e-05, 8.054946619334702e-05]
 -  Variance of EMA Test BCE losses: [4.32031052202686e-05, 0.00010101500799436502]
"
