Sample_size,Beta,BCE_Train,BCE_Test,0-1_Train,0-1_Test,EMA_BCE_Train,EMA_BCE_Test,EMA_0-1_Train,EMA_0-1_Test
2000,0.0,0.5220026969909668,0.5190074443817139,0.5220000147819519,0.5189999938011169,0.49900138691239254,0.5030536920049413,0.4990736945085348,0.5031120356161178
2000,1000,0.040961675345897675,0.11443093419075012,0.04450000077486038,0.12140724311272304,0.0412456703394543,0.11455470522018818,0.04564877006456737,0.12139879950614242

Summary:,"The LMC has been run with the following parameters:
  - Device: cpu
  - Loss function: BBCE
  - l_max: 4.0
  - Network architecture: FCN1L
  - Number of hidden layers: 1
  - Width of hidden layers: 500
  - Dataset type: mnist
  - Random labels: False
  - Training set size: 2000
  - Test set size: 9786
  - Minimum epochs: 4000
  - Number of Batches: 1
  - Beta values: [0.0, 1000]
  - Learning rate (a0): 0.01
  - Learning rate decay (b): 0.5
  - Gaussian prior sigma: 5
 -  alpha_average: 0.01
 -  alpha_stop: 0.00025
 -  eta: 0.1
 -  eps: 1e-07
 -  Gradient norm: [0.23213344928953697, 0.4495495212385003]
"
