Sample_size,Beta,BCE_Train,BCE_Test,0-1_Train,0-1_Test,EMA_BCE_Train,EMA_BCE_Test,EMA_0-1_Train,EMA_0-1_Test
2000,0.0,0.4189997911453247,0.4230341613292694,0.4189999997615814,0.42299899458885193,0.4992767488062382,0.4997272258102894,0.4993139998018742,0.4997624109387398
2000,256,0.12335439771413803,0.12711964547634125,0.12399999797344208,0.12715299427509308,0.11718792644532647,0.114544668412579,0.11785884721199735,0.11520911812231403

Summary:,"The LMC has been run with the following parameters:
  - Device: cpu
  - Loss function: SAVAGE
  - l_max: 4.0
  - Network architecture: FCN1L
  - Number of hidden layers: 1
  - Width of hidden layers: 500
  - Dataset type: mnist
  - Dataset name: MNIST
  - Selected classes/groups: [3, 8]
  - Random labels: 0
  - Training set size: 2000
  - Test set size: 1974
  - Minimum epochs: 2000
  - Number of Batches: 1
  - Beta values: [0.0, 256]
  - Learning rate (a0): 0.01
  - Learning rate decay (b): 0.5
  - Gaussian prior sigma: 5.0
 -  alpha_average: 0.01
 -  alpha_stop: 0.00025
 -  eta: 36
 -  eps: -1e-07
 -  Seed: 42
 -  Gradient norm: [0.03839257184864051, 0.19619981629508126]
 -  Number of epochs per beta: [1000, 17474]
 -  Variance of EMA Train BCE losses: [0.00508423448969067, 7.203195578320797e-05]
 -  Variance of EMA Test BCE losses: [0.005712470910119921, 9.347553081678374e-05]
"
