Sample_size,Beta,BCE_Train,BCE_Test,0-1_Train,0-1_Test,EMA_BCE_Train,EMA_BCE_Test,EMA_0-1_Train,EMA_0-1_Test
2000,0.0,0.4396354854106903,0.4527394473552704,0.4399999976158142,0.45274999737739563,0.5019023606777191,0.5018234101831913,0.5019389996528626,0.5018635010421276
2000,125,0.30051207542419434,0.33253513773282367,0.3034999966621399,0.3366955916086833,0.26970319132829945,0.30747145836109935,0.27368426376586014,0.31177545167674525
2000,250,0.2708856165409088,0.27246121565500897,0.2775000035762787,0.2782750129699707,0.2546671676412225,0.2688188256273667,0.262883000344038,0.27742582362145185

Summary:,"The LMC has been run with the following parameters:
  - Device: cpu
  - Loss function: SAVAGE
  - l_max: 4.0
  - Network architecture: FCN1L
  - Number of hidden layers: 1
  - Width of hidden layers: 500
  - Dataset type: mnist
  - Random labels: 0
  - Training set size: 2000
  - Test set size: 9786
  - Minimum epochs: 2000
  - Number of Batches: 1
  - Beta values: [0.0, 125, 250]
  - Learning rate (a0): 0.01
  - Learning rate decay (b): 0.5
  - Gaussian prior sigma: 5.0
 -  alpha_average: 0.01
 -  alpha_stop: 0.0025
 -  eta: 36
 -  eps: -1e-07
 -  Seed: 42
 -  Gradient norm: [0.03679788727011336, 0.27957751834614375, 0.23908764579147102]
 -  Number of epochs per beta: [1000, 2472, 2000]
 -  Variance of EMA Train BCE losses: [0.0019135895081042187, 0.0005061850976802867, 0.00029386566032432726]
 -  Variance of EMA Test BCE losses: [0.0018965890581546518, 0.00046792676035539715, 0.00016497552007929683]
"
