Sample_size,Beta,BCE_Train,BCE_Test,0-1_Train,0-1_Test,EMA_BCE_Train,EMA_BCE_Test,EMA_0-1_Train,EMA_0-1_Test
2000,0.0,0.40912485122680664,0.43119117617607117,0.4099999964237213,0.43149998784065247,0.5054811548888684,0.5052472416758538,0.5055214996337891,0.5052995003163815
2000,256,0.02900000661611557,0.032101698219776154,0.028999999165534973,0.03200000151991844,0.03726901772232393,0.03667778130222572,0.03752034190605727,0.036926825064320636

Summary:,"The LMC has been run with the following parameters:
  - Device: cpu
  - Loss function: SAVAGE
  - l_max: 4.0
  - Network architecture: FCN1L
  - Number of hidden layers: 1
  - Width of hidden layers: 500
  - Dataset type: mnist
  - Dataset name: MNIST
  - Selected classes/groups: [1, 7]
  - Random labels: 0
  - Training set size: 2000
  - Test set size: 2000
  - Minimum epochs: 2000
  - Number of Batches: 1
  - Beta values: [0.0, 256]
  - Learning rate (a0): 0.01
  - Learning rate decay (b): 0.5
  - Gaussian prior sigma: 5.0
 -  alpha_average: 0.01
 -  alpha_stop: 0.00025
 -  eta: 36
 -  eps: -1e-07
 -  Seed: 42
 -  Gradient norm: [0.033132700266286265, 0.13919416056274705]
 -  Number of epochs per beta: [1000, 19836]
 -  Variance of EMA Train BCE losses: [0.016205103727901515, 5.6883718489058157e-05]
 -  Variance of EMA Test BCE losses: [0.016852946274733882, 9.043004142950941e-05]
"
