Sample_size,Beta,BCE_Train,BCE_Test,0-1_Train,0-1_Test,EMA_BCE_Train,EMA_BCE_Test,EMA_0-1_Train,EMA_0-1_Test
2000,0.0,0.4396354854106903,0.4527394473552704,0.4399999976158142,0.45274999737739563,0.5019023606777191,0.5018234101831913,0.5019389996528626,0.5018635010421276
2000,125,0.3284461200237274,0.3287421266237895,0.32850000262260437,0.3289463420708974,0.3156354874655604,0.32162560563931863,0.3162109500095248,0.32220838003506264
2000,250,0.23171228170394897,0.2796328663825989,0.23199999332427979,0.28042517105738324,0.247228164370358,0.2950161025414864,0.24820547509342433,0.29606660035451254
2000,500,0.18919973075389862,0.2398873120546341,0.1899999976158142,0.24211674431959787,0.17904520282968878,0.22981474607835214,0.18053367480486632,0.23142498041217527
2000,1000,0.12179291248321533,0.1880180388689041,0.12300000339746475,0.1900129665931066,0.1243648815728724,0.185100802518179,0.12695334950573742,0.18831078491012254
2000,2000,0.08526822924613953,0.1498163938522339,0.09000000357627869,0.15414883693059286,0.08407944951876999,0.15495008115967115,0.08756350007727742,0.16083943991536895

Summary:,"The LMC has been run with the following parameters:
  - Device: cpu
  - Loss function: SAVAGE
  - l_max: 4.0
  - Network architecture: FCN1L
  - Number of hidden layers: 1
  - Width of hidden layers: 500
  - Dataset type: mnist
  - Random labels: 0
  - Training set size: 2000
  - Test set size: 9786
  - Minimum epochs: 2000
  - Number of Batches: 1
  - Beta values: [0.0, 125, 250, 500, 1000, 2000]
  - Learning rate (a0): 0.01
  - Learning rate decay (b): 0.5
  - Gaussian prior sigma: 5.0
 -  alpha_average: 0.01
 -  alpha_stop: 0.00025
 -  eta: 36
 -  eps: -1e-07
 -  Seed: 42
 -  Gradient norm: [0.03679788727011336, 0.37777863347679375, 0.23068841020278633, 0.1862807833444327, 0.1766840999133885, 0.148977738680318]
 -  Number of epochs per beta: [1000, 20000, 20000, 20000, 20000, 20000]
 -  Variance of EMA Train BCE losses: [0.0019135895081042187, 0.0005289253362649737, 0.00015297001333235138, 6.90717766130694e-05, 2.229297672911787e-05, 3.7421483322045736e-05]
 -  Variance of EMA Test BCE losses: [0.0018965890581546518, 0.0003631870817627919, 0.00019754879354831612, 6.50961008068704e-05, 7.882190987809623e-05, 5.1730621686226635e-05]
"
