Sample_size,Beta,BCE_Train,BCE_Test,0-1_Train,0-1_Test,EMA_BCE_Train,EMA_BCE_Test,EMA_0-1_Train,EMA_0-1_Test
2000,0.0,0.4396355152130127,0.4527394473552704,0.4399999976158142,0.45274999737739563,0.5019023606479168,0.5018234101831913,0.5019389996528626,0.5018635010421276
2000,2000,0.08043130487203598,0.16274721920490265,0.08399999886751175,0.1670571118593216,0.08332716537270655,0.15405558131594196,0.08669575573789952,0.15936001722783294

Summary:,"The LMC has been run with the following parameters:
  - Device: cpu
  - Loss function: SAVAGE
  - l_max: 4.0
  - Network architecture: FCN1L
  - Number of hidden layers: 1
  - Width of hidden layers: 500
  - Dataset type: mnist
  - Random labels: 0
  - Training set size: 2000
  - Test set size: 9786
  - Minimum epochs: 2000
  - Number of Batches: 1
  - Beta values: [0.0, 2000]
  - Learning rate (a0): 0.01
  - Learning rate decay (b): 0.5
  - Gaussian prior sigma: 5.0
 -  alpha_average: 0.01
 -  alpha_stop: 0.00025
 -  eta: 36
 -  eps: -1e-07
 -  Seed: 62
 -  Gradient norm: [0.03679788719759823, 0.154149130402196]
 -  Number of epochs per beta: [1000, 21629]
 -  Variance of EMA Train BCE losses: [0.0019135895552860882, 1.4750801568579747e-05]
 -  Variance of EMA Test BCE losses: [0.0018965890581546518, 5.140758593774261e-05]
"
