Sample_size,Beta,BCE_Train,BCE_Test,0-1_Train,0-1_Test,EMA_BCE_Train,EMA_BCE_Test,EMA_0-1_Train,EMA_0-1_Test
2000,0.0,0.46463537216186523,0.48049089312553406,0.4650000035762787,0.4805000126361847,0.5012972703874111,0.500898445814848,0.5013349997997284,0.5009365003705025
2000,125,0.4141814410686493,0.41994436581929523,0.4169999957084656,0.4256780544916789,0.4095055523733386,0.4251335392723368,0.4152045790225282,0.43107887612918355

Summary:,"The LMC has been run with the following parameters:
  - Device: cpu
  - Loss function: SAVAGE
  - l_max: 4.0
  - Network architecture: FCN1L
  - Number of hidden layers: 1
  - Width of hidden layers: 500
  - Dataset type: mnist
  - Random labels: 0.5
  - Training set size: 2000
  - Test set size: 9786
  - Minimum epochs: 2000
  - Number of Batches: 1
  - Beta values: [0.0, 125]
  - Learning rate (a0): 0.01
  - Learning rate decay (b): 0.5
  - Gaussian prior sigma: 5.0
 -  alpha_average: 0.01
 -  alpha_stop: 0.0025
 -  eta: 36
 -  eps: -1e-07
 -  Seed: 42
 -  Gradient norm: [0.037752001881152346, 0.2606170617157693]
 -  Number of epochs per beta: [1000, 2031]
 -  Variance of EMA Train BCE losses: [0.00048520838692345247, 0.0002122476168649745]
 -  Variance of EMA Test BCE losses: [0.0005165831314866698, 0.0002024830595678817]
"
