Sample_size,Beta,BCE_Train,BCE_Test,0-1_Train,0-1_Test,EMA_BCE_Train,EMA_BCE_Test,EMA_0-1_Train,EMA_0-1_Test
2000,0.0,0.48761439323425293,0.4907500743865967,0.48750001192092896,0.4907500147819519,0.5008907739520073,0.5003395340442658,0.5009330007731915,0.5003809993863105
2000,125,0.4698798656463623,0.48678391178448993,0.47200000286102295,0.49057717124621075,0.47158291002104763,0.4867910659129985,0.4769124931549163,0.49242712561994756
2000,250,0.4659915864467621,0.48185424009958905,0.47200000286102295,0.4878099064032237,0.4587545231729746,0.4843781818002462,0.46868650017678737,0.49428664421041807
2000,500,0.398707777261734,0.4423448443412781,0.4189999997615814,0.4610951840877533,0.40291286118328573,0.44004699255526064,0.430609999909997,0.4687497280240059

Summary:,"The LMC has been run with the following parameters:
  - Device: cpu
  - Loss function: SAVAGE
  - l_max: 4.0
  - Network architecture: FCN1L
  - Number of hidden layers: 1
  - Width of hidden layers: 500
  - Dataset type: mnist
  - Random labels: 0.75
  - Training set size: 2000
  - Test set size: 9786
  - Minimum epochs: 2000
  - Number of Batches: 1
  - Beta values: [0.0, 125, 250, 500]
  - Learning rate (a0): 0.01
  - Learning rate decay (b): 0.5
  - Gaussian prior sigma: 5.0
 -  alpha_average: 0.01
 -  alpha_stop: 0.0025
 -  eta: 36
 -  eps: -1e-07
 -  Seed: 42
 -  Gradient norm: [0.039359114329485974, 0.23669398144943973, 0.20634297911822796, 0.2374608186855912]
 -  Number of epochs per beta: [1000, 2017, 2000, 2000]
 -  Variance of EMA Train BCE losses: [0.00014461924467679133, 6.855678661174536e-05, 5.4422611002663546e-05, 7.09313479791418e-05]
 -  Variance of EMA Test BCE losses: [0.00015681895706548543, 9.838416730928445e-05, 6.449973835276346e-05, 8.982176048960566e-05]
"
