Sample_size,Beta,BCE_Train,BCE_Test,0-1_Train,0-1_Test,EMA_BCE_Train,EMA_BCE_Test,EMA_0-1_Train,EMA_0-1_Test
2000,0.0,0.49261438846588135,0.4995000660419464,0.4925000071525574,0.49950000643730164,0.5000899105966091,0.49997261518239977,0.500131000906229,0.5000125002563
2000,125,0.4907871186733246,0.4992389480272929,0.4934999942779541,0.5024861892064413,0.49010643444251645,0.498006666820957,0.49559274579905255,0.5034780965556344
2000,250,0.46632975339889526,0.4895223379135132,0.4749999940395355,0.49522385994593304,0.4632230610698462,0.48942372878889245,0.47351499961316584,0.4997265627235174

Summary:,"The LMC has been run with the following parameters:
  - Device: cpu
  - Loss function: SAVAGE
  - l_max: 4.0
  - Network architecture: FCN1L
  - Number of hidden layers: 1
  - Width of hidden layers: 500
  - Dataset type: mnist
  - Random labels: 1
  - Training set size: 2000
  - Test set size: 9786
  - Minimum epochs: 2000
  - Number of Batches: 1
  - Beta values: [0.0, 125, 250]
  - Learning rate (a0): 0.01
  - Learning rate decay (b): 0.5
  - Gaussian prior sigma: 5.0
 -  alpha_average: 0.01
 -  alpha_stop: 0.0025
 -  eta: 36
 -  eps: -1e-07
 -  Seed: 42
 -  Gradient norm: [0.03829636860750269, 0.2229701883097006, 0.201667148552835]
 -  Number of epochs per beta: [1000, 2054, 2000]
 -  Variance of EMA Train BCE losses: [9.656028355126134e-05, 6.040277619900891e-05, 4.692641128684061e-05]
 -  Variance of EMA Test BCE losses: [4.360199803177256e-05, 0.00013948080567549592, 6.64432982996066e-05]
"
