Sample_size,Beta,BCE_Train,BCE_Test,0-1_Train,0-1_Test,EMA_BCE_Train,EMA_BCE_Test,EMA_0-1_Train,EMA_0-1_Test
2000,0.0,2.0151991844177246,1.9858574867248535,0.5015000104904175,0.49424999952316284,2.0331098967688503,2.015704268082038,0.5060642812064474,0.5017108403490685
2000,375,1.3105849027633667,1.8353845278422039,0.36800000071525574,0.5013898015022278,1.3301776852909848,1.842133024136175,0.37451278575015007,0.5019625641811699
2000,750,0.9322459697723389,1.5878552595774333,0.3334999978542328,0.514349102973938,0.9361375775508916,1.5932750838131913,0.33480151069678576,0.5142584171478531
2000,1250,0.5637660026550293,1.7274086475372314,0.19050000607967377,0.49940014878908795,0.5627347103086532,1.7262265616315435,0.1879947350843919,0.5000626883151579
2000,1500,0.525080144405365,1.6120335658391316,0.19099999964237213,0.5021521051724752,0.514600988896534,1.6146491491357107,0.19018321490992388,0.5018470103397926

Summary:,"The LMC has been run with the following parameters:
  - Device: cpu
  - Loss function: BBCE
  - l_max: 4.0
  - Network architecture: FCN1L
  - Number of hidden layers: 1
  - Width of hidden layers: 500
  - Dataset type: mnist
  - Random labels: True
  - Training set size: 2000
  - Test set size: 9786
  - Minimum epochs: 4000
  - Number of Batches: 1
  - Beta values: [0.0, 375, 750, 1250, 1500]
  - Learning rate (a0): 0.01
  - Learning rate decay (b): 0.5
  - Gaussian prior sigma: 5
 -  alpha_average: 0.01
 -  alpha_stop: 0.00025
 -  eta: 0.1
 -  eps: 1e-07
 -  Gradient norm: [[0.0], [0.0], [0.0], [0.0], [0.0]]
"
