Sample_size,Beta,BCE_Train,BCE_Test,0-1_Train,0-1_Test,EMA_BCE_Train,EMA_BCE_Test,EMA_0-1_Train,EMA_0-1_Test
2000,0.0,0.49261438846588135,0.4995000660419464,0.4925000071525574,0.49950000643730164,0.5000899105966091,0.49997261518239977,0.500131000906229,0.5000125002563
2000,125,0.4799656867980957,0.502453625202179,0.4805000126361847,0.5032162169615427,0.4690201941176265,0.5017957205755883,0.46970599006069025,0.5024787623359357

Summary:,"The LMC has been run with the following parameters:
  - Device: cpu
  - Loss function: SAVAGE
  - l_max: 4.0
  - Network architecture: FCN1L
  - Number of hidden layers: 1
  - Width of hidden layers: 500
  - Dataset type: mnist
  - Random labels: 1
  - Training set size: 2000
  - Test set size: 9786
  - Minimum epochs: 2000
  - Number of Batches: 1
  - Beta values: [0.0, 125]
  - Learning rate (a0): 0.01
  - Learning rate decay (b): 0.5
  - Gaussian prior sigma: 5.0
 -  alpha_average: 0.01
 -  alpha_stop: 0.00025
 -  eta: 36
 -  eps: -1e-07
 -  Seed: 42
 -  Gradient norm: [0.03829636860750269, 0.3472472758804309]
 -  Number of epochs per beta: [1000, 16360]
 -  Variance of EMA Train BCE losses: [9.656028355126134e-05, 2.3869847030011382e-05]
 -  Variance of EMA Test BCE losses: [4.360199803177256e-05, 7.401488692998504e-05]
"
