Sample_size,Beta,BCE_Train,BCE_Test,0-1_Train,0-1_Test,EMA_BCE_Train,EMA_BCE_Test,EMA_0-1_Train,EMA_0-1_Test
2000,0.0,0.5044995546340942,0.5060030221939087,0.5044999718666077,0.5059999823570251,0.5048205723950986,0.5005026607020119,0.5048481891278562,0.5005255709715468
2000,1000,0.4010733962059021,0.4867152472337087,0.41350001096725464,0.5019001464049021,0.40243570339357193,0.4865226872608126,0.41640038419102765,0.5011984593494326

Summary:,"The LMC has been run with the following parameters:
  - Device: cpu
  - Loss function: SAVAGE
  - l_max: 4.0
  - Network architecture: FCN1L
  - Number of hidden layers: 1
  - Width of hidden layers: 500
  - Dataset type: mnist
  - Random labels: True
  - Training set size: 2000
  - Test set size: 9786
  - Minimum epochs: 4000
  - Number of Batches: 1
  - Beta values: [0.0, 1000]
  - Learning rate (a0): 0.01
  - Learning rate decay (b): 0.5
  - Gaussian prior sigma: 5
 -  alpha_average: 0.01
 -  alpha_stop: 0.00025
 -  eta: 0.1
 -  eps: 1e-07
 -  Gradient norm: [0.06177288983116394, 0.24704647731904628]
"
