Sample_size,Beta,BCE_Train,BCE_Test,0-1_Train,0-1_Test,EMA_BCE_Train,EMA_BCE_Test,EMA_0-1_Train,EMA_0-1_Test
2000,0.0,0.49261438846588135,0.4995000660419464,0.4925000071525574,0.49950000643730164,0.5000899105966091,0.49997261518239977,0.500131000906229,0.5000125002563
2000,125,0.484424889087677,0.5060537755489349,0.48500001430511475,0.5065192182858785,0.47568277453184127,0.5005224778413773,0.4762155998006463,0.5010720276678602
2000,250,0.4724448621273041,0.5030671954154968,0.47350001335144043,0.5036163528760275,0.4631527107208967,0.49953301659822463,0.4643622502401471,0.5007637766733766
2000,500,0.4702512323856354,0.501320501168569,0.4724999964237213,0.5033663610617319,0.4625859451279044,0.5004820670718948,0.46482932538539173,0.5029064137568077
2000,1000,0.37844470143318176,0.4793264965216319,0.3824999928474426,0.48273152112960815,0.38091361530274154,0.4868386603757739,0.386812225022912,0.4932058720390002

Summary:,"The LMC has been run with the following parameters:
  - Device: cpu
  - Loss function: SAVAGE
  - l_max: 4.0
  - Network architecture: FCN1L
  - Number of hidden layers: 1
  - Width of hidden layers: 500
  - Dataset type: mnist
  - Random labels: 1
  - Training set size: 2000
  - Test set size: 9786
  - Minimum epochs: 2000
  - Number of Batches: 1
  - Beta values: [0.0, 125, 250, 500, 1000]
  - Learning rate (a0): 0.01
  - Learning rate decay (b): 0.5
  - Gaussian prior sigma: 5.0
 -  alpha_average: 0.01
 -  alpha_stop: 0.00025
 -  eta: 36
 -  eps: -1e-07
 -  Seed: 42
 -  Gradient norm: [0.03829636860750269, 0.36683893938064577, 0.24464510218389332, 0.21736245746426283, 0.2547230499699712]
 -  Number of epochs per beta: [1000, 20000, 20000, 20000, 20000]
 -  Variance of EMA Train BCE losses: [9.656028355126134e-05, 7.646258581822662e-05, 3.672709512883565e-05, 1.8060149634818723e-05, 2.6414135256669358e-05]
 -  Variance of EMA Test BCE losses: [4.360199803177256e-05, 0.0001188447959393768, 5.86789549151534e-05, 6.589184465477516e-05, 5.8035330401440266e-05]
"
