Sample_size,Beta,BCE_Train,BCE_Test,0-1_Train,0-1_Test,EMA_BCE_Train,EMA_BCE_Test,EMA_0-1_Train,EMA_0-1_Test
2000,0.0,0.49261438846588135,0.4995000660419464,0.4925000071525574,0.49950000643730164,0.5000899113416671,0.49997261518239977,0.500131000906229,0.5000125002563
2000,1000,0.3958669602870941,0.4862285653750102,0.40299999713897705,0.4907941420873006,0.38238107395075316,0.4859015085811497,0.38899115440532944,0.49300391588645304
2000,8000,0.0811208114027977,0.4351174235343933,0.0949999988079071,0.48115164041519165,0.09254340242273851,0.4207419738178536,0.10946591007272263,0.48864725194746295

Summary:,"The LMC has been run with the following parameters:
  - Device: cpu
  - Loss function: SAVAGE
  - l_max: 4.0
  - Network architecture: FCN1L
  - Number of hidden layers: 1
  - Width of hidden layers: 500
  - Dataset type: mnist
  - Random labels: 1
  - Training set size: 2000
  - Test set size: 9786
  - Minimum epochs: 2000
  - Number of Batches: 1
  - Beta values: [0.0, 1000, 8000]
  - Learning rate (a0): 0.01
  - Learning rate decay (b): 0.5
  - Gaussian prior sigma: 5.0
 -  alpha_average: 0.01
 -  alpha_stop: 0.00025
 -  eta: 36
 -  eps: -1e-07
 -  Seed: 62
 -  Gradient norm: [0.038296368621803176, 0.2494559314611893, 0.24132453122214026]
 -  Number of epochs per beta: [1000, 17240, 21634]
 -  Variance of EMA Train BCE losses: [9.656029421178935e-05, 4.383088931617096e-05, 0.00010025373780746943]
 -  Variance of EMA Test BCE losses: [4.360199803177256e-05, 4.2075715974948524e-05, 0.00014102588660147575]
"
