Sample_size,Beta,BCE_Train,BCE_Test,0-1_Train,0-1_Test,EMA_BCE_Train,EMA_BCE_Test,EMA_0-1_Train,EMA_0-1_Test
8000,0.0,0.5063749969005584,0.5009359431510069,0.5063749954104424,0.5009359157815272,0.5001772310272068,0.500418559314478,0.5001776497828969,0.5004187872434711
8000,64000,0.10674253217875958,0.22655117207643938,0.20224999990314246,0.4997728734600301,0.07009416817303975,0.2812316879148334,0.11430294420163747,0.4992443577634332

Summary:,"The LMC has been run with the following parameters:
  - Device: cpu
  - l_max: 4.0
  - Network architecture: MNISTNN2L
  - Number of hidden layers: 2
  - Width of hidden layers: 1000
  - Dataset type: mnist
  - Random labels: True
  - Training set size: 8000
  - Test set size: 9786
  - Minimum epochs: 4000
  - Number of Batches: 80
  - Beta values: [0.0, 64000]
  - Learning rate (a0): 0.01
  - Learning rate decay (b): 0.5
  - Gaussian prior sigma: 5
 -  alpha_average: 0.01
 -  alpha_stop: 0.00025
 -  eta: 0.1
 -  eps: 1e-07
"
