seed,beta,sample_size,train_01,test_01,kl_raw,pbb_empirical_01,kl_budget,predicted_test_01_bound,delta,mc_samples
-1,1000000.0,1000.0,0.0010000000474974513,0.13500000536441803,120.0,0.008399304913929016,0.1287521950060391,0.15015577425358084,0.01,1000
