seed,beta,train_bounded_nll,test_bounded_nll,train_0_1,test_0_1
42,16000,0.060204006638377904,0.060193964413234165,0.4966249980032444,0.48793394711552834
