seed,beta,train_bounded_nll,test_bounded_nll,train_0_1,test_0_1
42,16000,0.06020400570705533,0.0601939638050235,0.496624992787838,0.48793394711552834
