Sample_size,Beta,BCE_Train,BCE_Test,0-1_Train,0-1_Test,EMA_BCE_Train,EMA_BCE_Test,EMA_0-1_Train,EMA_0-1_Test
50,0.0,0.5,0.6000000238418579,0.5,0.6000000238418579,0.5006883151829242,0.6196921267509461,0.500699999421835,0.6197000048160552
50,3,0.5212303400039673,0.48290795683860777,0.5199999809265137,0.4839999943971634,0.4884474691774209,0.49879624438068554,0.48955477684579873,0.49997519482934744
50,6,0.5,0.49413998425006866,0.5,0.4939999967813492,0.4726187381633327,0.5006377393861196,0.47383507524276813,0.5018540116525279
50,12,0.5,0.5071817070245743,0.5,0.5099999994039536,0.44538636542938964,0.5002327234169701,0.4463864127115152,0.5014905946568254
50,25,0.4000000059604645,0.494433656334877,0.4000000059604645,0.49600000083446505,0.3794717951721904,0.5051254373045827,0.38056293328688207,0.5064909745364485
50,50,0.3199999928474426,0.5121757954359054,0.3199999928474426,0.5120000034570694,0.33863235804435654,0.5018968485932592,0.3397873350447545,0.5036435064890936

Summary:,"The LMC has been run with the following parameters:
  - Device: cpu
  - Loss function: SAVAGE
  - l_max: 4.0
  - Network architecture: FCN1L
  - Number of hidden layers: 1
  - Width of hidden layers: 100
  - Dataset type: synth
  - Random labels: True
  - Training set size: 50
  - Test set size: 500
  - Minimum epochs: 2000
  - Number of Batches: 1
  - Beta values: [0.0, 3, 6, 12, 25, 50]
  - Learning rate (a0): 2.25
  - Learning rate decay (b): 0.5
  - Gaussian prior sigma: 5.0
 -  alpha_average: 0.01
 -  alpha_stop: 5e-05
 -  eta: 36
 -  eps: 1e-07
 -  Gradient norm: [0.0008458931714792296, 0.5359581384472454, 0.2713988971557113, 0.18074860778264495, 0.14792242047907, 0.14109143575705851]
 -  Number of epochs per beta: [1000, 25156, 25139, 26262, 32686, 34514]
 -  Variance of EMA Train BCE losses: [3.475535297242649e-05, 0.004062674582170245, 0.00379911180791892, 0.004294725641239255, 0.0031638884999393435, 0.001855303774930317]
 -  Variance of EMA Test BCE losses: [6.456617798633602e-05, 0.0060245498608199055, 0.005880164853701131, 0.005951877148247631, 0.005964447288810126, 0.005367989567733267]
"
