Sample_size,Beta,BCE_Train,BCE_Test,0-1_Train,0-1_Test,EMA_BCE_Train,EMA_BCE_Test,EMA_0-1_Train,EMA_0-1_Test
8000,0.0,2.128688335418701,1.7106292247772217,0.5299999713897705,0.42500001192092896,2.0082872443199156,2.0057788554430007,0.49975999611616134,0.49912999868392943
8000,500,0.6979135036468506,0.7533957983318128,0.5029999949038029,0.5053755970377671,1.9154013058543204,1.9332076085241217,0.4998599964827299,0.5011199991075617
8000,1000,0.6960275717079639,0.7033208865868418,0.4957499969750643,0.49983253416262174,1.3012863120734692,1.3903654621776782,0.49390499652922154,0.49879664989521627
8000,2000,0.6981135807931423,0.7000015930125588,0.5031249951571226,0.4959784661468707,0.9472993958741427,0.9843949476716972,0.4918846127935327,0.49951140841974423

Summary:,"The LMC has been run with the following parameters:
  - Device: cpu
  - Loss function: BBCE
  - l_max: 4.0
  - Network architecture: VGG16_CIFAR
  - Number of hidden layers: V
  - Width of hidden layers: 1000
  - Dataset type: svhn
  - Dataset name: SVHN
  - Selected classes/groups: [[0, 1, 2, 3, 4], [5, 6, 7, 8, 9]]
  - Random labels: 1
  - Training set size: 8000
  - Test set size: 18976
  - Minimum epochs: 2000
  - Number of Batches: 80
  - Beta values: [0.0, 500, 1000, 2000]
  - Learning rate (a0): 0.005
  - Learning rate decay (b): 0.5
  - Gaussian prior sigma: 5.0
 -  alpha_average: 0.01
 -  alpha_stop: 0.00025
 -  eta: 36
 -  eps: -1e-07
 -  Seed: 12
 -  Gradient norm: [0.0, 27.863034223737195, 28.95531352519989, 21.478268873233063]
 -  Number of epochs per beta: [1000, 25, 25, 26]
 -  Variance of EMA Train BCE losses: [0.03836204349239747, 0.0444264161048169, 0.043138716991547366, 0.018909868579653377]
 -  Variance of EMA Test BCE losses: [0.0045241838728307116, 0.02597954211488096, 0.032103748447087854, 0.020602653680173222]
"
